A,"Agilent Technologies, Inc. Comm"
AAL,"American Airlines Group, Inc."
AAMC,Altisource Asset Management Cor
AAN,"Aaron's, Inc. Common Stock"
AAOI,"Applied Optoelectronics, Inc."
AAON,"AAON, Inc."
AAP,Advance Auto Parts Inc Advance
AAPL,Apple Inc.
AAT,"American Assets Trust, Inc. Com"
AAWW,Atlas Air Worldwide Holdings
ABAX,"ABAXIS, Inc."
ABBV,AbbVie Inc. Common Stock
ABC,AmerisourceBergen Corporation C
ABCB,Ameris Bancorp
ABCO,The Advisory Board Company
ABG,Asbury Automotive Group Inc Com
ABM,ABM Industries Incorporated Com
ABMD,"ABIOMED, Inc."
ABT,Abbott Laboratories Common Stoc
ACAD,ACADIA Pharmaceuticals Inc.
ACAS,"American Capital, Ltd."
ACAT,Arctic Cat Inc.
ACC,American Campus Communities Inc
ACCO,Acco Brands Corporation Common
ACET,Aceto Corporation
ACFN,ACORN ENERGY INC COM STK USD0.0
ACGL,Arch Capital Group Ltd.
ACHC,"Acadia Healthcare Company, Inc."
ACHN,"Achillion Pharmaceuticals, Inc."
ACIW,"ACI Worldwide, Inc."
ACLS,"Axcelis Technologies, Inc."
ACM,AECOM Common Stock
ACN,Accenture plc Class A Ordinary
ACOR,"Acorda Therapeutics, Inc."
ACRE,Ares Commercial Real Estate Cor
ACRX,"AcelRx Pharmaceuticals, Inc."
ACTG,Acacia Research Corporation
ACW,Accuride Corporation
ACXM,Acxiom Corporation
ADBE,Adobe Systems Incorporated
ADC,Agree Realty Corporation Common
ADES,"Advanced Emissions Solutions, I"
ADI,"Analog Devices, Inc."
ADM,Archer-Daniels-Midland Company
ADMS,"Adamas Pharmaceuticals, Inc."
ADNC,"Audience, Inc."
ADP,"Automatic Data Processing, Inc."
ADS,Alliance Data Systems Corporati
ADSK,"Autodesk, Inc."
ADT,ADT Corporation
ADTN,"ADTRAN, Inc."
ADUS,Addus HomeCare Corporation
ADVS,"Advent Software, Inc."
AE,"Adams Resources & Energy, Inc."
AEE,Ameren Corporation Common Stock
AEGN,Aegion Corp
AEGR,"Aegerion Pharmaceuticals, Inc."
AEIS,"Advanced Energy Industries, Inc"
AEL,American Equity Investment Life
AEO,"American Eagle Outfitters, Inc."
AEP,American Electric Power Company
AEPI,AEP Industries Inc.
AERI,"Aerie Pharmaceuticals, Inc."
AES,The AES Corporation Common Stoc
AET,Aetna Inc. Common Stock
AF,Astoria Financial Corporation C
AFAM,Almost Family Inc
AFFX,"Affymetrix, Inc."
AFG,"American Financial Group, Inc."
AFH,"Atlas Financial Holdings, Inc."
AFL,AFLAC Incorporated Common Stock
AFOP,"Alliance Fiber Optic Products,"
AFSI,"AmTrust Financial Services, Inc"
AGCO,AGCO Corporation Common Stock
AGEN,Agenus Inc.
AGII,Argo Group International Holdin
AGIO,"Agios Pharmaceuticals, Inc."
AGM,Federal Agricultural Mortgage C
AGN,Allergan plc Ordinary Shares
AGNC,AGNC Investment Corp.
AGO,Assured Guaranty Ltd. Common St
AGTC,Applied Genetic Technologies Co
AGX,"Argan, Inc. Common Stock"
AGYS,"Agilysys, Inc."
AHC,A.H. Belo Corporation Common St
AHH,"Armada Hoffler Properties, Inc."
AHL,Aspen Insurance Holdings Limite
AHP,"Ashford Hospitality Prime, Inc."
AHS,AMN Healthcare Services Inc AMN
AHT,Ashford Hospitality Trust Inc C
AI,Arlington Asset Investment Corp
AIG,"American International Group, I"
AIMC,Altra Industrial Motion Corp.
AIN,Albany International Corporatio
AINV,Apollo Investment Corporation
AIQ,"Alliance HealthCare Services, I"
AIR,AAR Corp. Common Stock
AIRM,Air Methods Corporation
AIT,Applied Industrial Technologies
AIV,Apartment Investment and Manage
AIZ,"Assurant, Inc. Common Stock"
AJG,Arthur J. Gallagher & Co. Commo
AKAM,"Akamai Technologies, Inc."
AKAO,"Achaogen, Inc."
AKBA,"Akebia Therapeutics, Inc."
AKR,Acadia Realty Trust Common Stoc
AKRX,"Akorn, Inc."
AKS,AK Steel Holding Corporation Co
AL,Air Lease Corporation Class A C
ALB,Albemarle Corporation Common St
ALCO,"Alico, Inc."
ALDR,"Alder BioPharmaceuticals, Inc."
ALE,"Allete, Inc."
ALEX,"Alexander & Baldwin, Inc. Commo"
ALG,"Alamo Group, Inc. Common Stock"
ALGN,"Align Technology, Inc."
ALGT,Allegiant Travel Company
ALIM,"Alimera Sciences, Inc."
ALJ,"Alon USA Energy, Inc. common st"
ALK,"Alaska Air Group, Inc. Common S"
ALKS,Alkermes plc
ALL,Allstate Corporation (The) Comm
ALLE,Allegion plc Ordinary Shares
ALNY,"Alnylam Pharmaceuticals, Inc."
ALOG,Analogic Corporation
ALR,Alere Inc. Common Stock
ALSN,"Allison Transmission Holdings,"
ALTR,Altera Corporation
ALX,"Alexander's, Inc. Common Stock"
ALXN,"Alexion Pharmaceuticals, Inc."
AMAG,"AMAG Pharmaceuticals, Inc."
AMAT,"Applied Materials, Inc."
AMBA,"Ambarella, Inc."
AMBC,"Ambac Financial Group, Inc."
AMBR,"Amber Road, Inc. Common Stock"
AMC,"AMC Entertainment Holdings, Inc"
AMCC,Applied Micro Circuits Corporat
AMCX,AMC Networks Inc.
AMD,"Advanced Micro Devices, Inc."
AME,"AMETEK, Inc."
AMED,Amedisys Inc
AMG,"Affiliated Managers Group, Inc."
AMGN,Amgen Inc.
AMKR,"Amkor Technology, Inc."
AMNB,"American National Bankshares, I"
AMP,"Ameriprise Financial, Inc. Comm"
AMPE,"Ampio Pharmaceuticals, Inc."
AMRC,"Ameresco, Inc. Class A Common S"
AMRI,"Albany Molecular Research, Inc."
AMRS,"Amyris, Inc."
AMSC,American Superconductor Corpora
AMSF,"AMERISAFE, Inc."
AMSG,Amsurg Corp.
AMSWA,"American Software, Inc."
AMT,American Tower Corporation (REI
AMTD,TD Ameritrade Holding Corporati
AMTG,"Apollo Residential Mortgage, In"
AMWD,American Woodmark Corporation
AMZN,"Amazon.com, Inc."
AN,"AutoNation, Inc. Common Stock"
ANAC,"Anacor Pharmaceuticals, Inc."
ANAD,"ANADIGICS, Inc."
ANAT,American National Insurance Com
ANCX,Access National Corporation
ANDE,"The Andersons, Inc."
ANF,Abercrombie & Fitch Company Com
ANGI,"Angie's List, Inc."
ANGO,"AngioDynamics, Inc."
ANH,Anworth Mortgage Asset Corporat
ANIK,Anika Therapeutics Inc.
ANIP,"ANI Pharmaceuticals, Inc."
ANR,"Alpha Natural Resources, inc. c"
ANSS,"ANSYS, Inc."
ANTM,"Anthem, Inc. Common Stock"
AOI,"Alliance One International, Inc"
AON,Aon plc Class A Ordinary Shares
AOS,A.O. Smith Corporation Common S
AP,Ampco-Pittsburgh Corporation Co
APA,Apache Corporation Common Stock
APAM,Artisan Partners Asset Manageme
APC,Anadarko Petroleum Corporation
APD,"Air Products and Chemicals, Inc"
APEI,"American Public Education, Inc."
APH,Amphenol Corporation Common Sto
APOG,"Apogee Enterprises, Inc."
APOL,"Apollo Education Group, Inc."
APP,American Apparel Inc Common Sto
ARAY,Accuray Incorporated
ARC,"ARC Document Solutions, Inc. Co"
ARCB,ArcBest Corporation
ARCC,Ares Capital Corporation
ARCW,"ARC Group Worldwide, Inc."
ARE,Alexandria Real Estate Equities
AREX,Approach Resources Inc.
ARG,"Airgas, Inc."
ARI,Apollo Commercial Real Estate F
ARIA,"ARIAD Pharmaceuticals, Inc."
ARII,"American Railcar Industries, In"
ARNA,"Arena Pharmaceuticals, Inc."
ARNC,Arconic Inc. Common Stock
ARO,Aeropostale Inc
AROW,Arrow Financial Corporation
ARQL,"ArQule, Inc."
ARR,"ARMOUR Residential REIT, Inc."
ARRS,ARRIS International plc
ARRY,Array BioPharma Inc.
ARTNA,Artesian Resources Corporation
ARUN,"Aruba Networks, Inc."
ARW,"Arrow Electronics, Inc."
ARWR,"Arrowhead Pharmaceuticals, Inc."
ASC,Ardmore Shipping Corporation Co
ASCMA,"Ascent Capital Group, Inc."
ASEI,American Science and Engineerin
ASGN,"On Assignment, Inc. Common Stoc"
ASH,Ashland Global Holdings Inc. Co
ASNA,"Ascena Retail Group, Inc."
ASPS,Altisource Portfolio Solutions
ASTE,"Astec Industries, Inc."
AT,Atlantic Power Corporation Ordi
ATEC,"Alphatec Holdings, Inc."
ATEN,"A10 Networks, Inc. Common Stock"
ATHN,"athenahealth, Inc."
ATI,Allegheny Technologies Incorpor
ATLO,Ames National Corporation
ATML,Atmel Corporation
ATNI,"ATN International, Inc."
ATNM,"Actinium Pharmaceuticals, Inc."
ATNY,API Technologies Corp.
ATO,Atmos Energy Corporation Common
ATR,"AptarGroup, Inc. Common Stock"
ATRC,"AtriCure, Inc."
ATRI,Atrion Corporation
ATRO,Astronics Corporation
ATRS,"Antares Pharma, Inc."
ATSG,"Air Transport Services Group, I"
ATU,Actuant Corporation Common Stoc
ATVI,"Activision Blizzard, Inc"
ATW,"Atwood Oceanics, Inc. Common St"
AVA,Avista Corporation Common Stock
AVAV,"AeroVironment, Inc."
AVB,"AvalonBay Communities, Inc. Com"
AVD,American Vanguard Corporation C
AVEO,"AVEO Pharmaceuticals, Inc."
AVG,AVG Technologies N.V. Ordinary
AVGO,Broadcom Limited
AVHI,"A V Homes, Inc."
AVID,AVID TECH INC
AVNW,"Aviat Networks, Inc."
AVP,"Avon Products, Inc. Common Stoc"
AVT,"Avnet, Inc. Common Stock"
AVX,AVX Corporation Common Stock
AVY,Avery Dennison Corporation Comm
AWAY,"HomeAway, Inc."
AWH,Allied World Assurance Company
AWI,Armstrong World Industries Inc
AWK,"American Water Works Company, I"
AWR,American States Water Company C
AXAS,Abraxas Petroleum Corporation
AXDX,"Accelerate Diagnostics, Inc."
AXE,Anixter International Inc. Comm
AXL,American Axle & Manufacturing H
AXLL,Axiall Corporation
AXP,American Express Company Common
AXS,Axis Capital Holdings Limited C
AYI,Acuity Brands Inc (Holding Comp
AYR,Aircastle Limited Common Stock
AZO,"AutoZone, Inc. Common Stock"
AZPN,"Aspen Technology, Inc."
AZZ,AZZ Inc.
B,"Barnes Group, Inc. Common Stock"
BA,Boeing Company (The) Common Sto
BABY,Natus Medical Incorporated
BAC,Bank of America Corporation Com
BAGR,Diversified Restaurant Holdings
BAH,Booz Allen Hamilton Holding Cor
BALT,Baltic Trading Limited Common S
BANC,"Banc of California, Inc. Common"
BANF,BancFirst Corporation
BANR,Banner Corporation
BAS,"Basic Energy Services, Inc. Com"
BAX,Baxter International Inc. Commo
BBBY,Bed Bath & Beyond Inc.
BBCN,HOPE BANCORP INC
BBG,Bill Barrett Corporation
BBGI,"Beasley Broadcast Group, Inc."
BBNK,Bridge Capital Holdings
BBOX,Black Box Corporation
BBRG,"Bravo Brio Restaurant Group, In"
BBSI,"Barrett Business Services, Inc."
BBT,BB&T Corporation
BBW,"Build-A-Bear Workshop, Inc. Com"
BBX,BBX Capital Corporation
BBY,"Best Buy Co., Inc. Common Stock"
BC,Brunswick Corporation Common St
BCC,"Boise Cascade, L.L.C. Common St"
BCEI,"Bonanza Creek Energy, Inc. Comm"
BCO,Brinks Company (The) Common Sto
BCOR,"Blucora, Inc."
BCOV,Brightcove Inc.
BCPC,Balchem Corporation
BCR,"C.R. Bard, Inc. Common Stock"
BCRX,"BioCryst Pharmaceuticals, Inc."
BDBD,"Boulder Brands, Inc."
BDC,Belden Inc Common Stock
BDE,"Black Diamond, Inc."
BDGE,"Bridge Bancorp, Inc."
BDN,Brandywine Realty Trust Common
BDSI,BioDelivery Sciences Internatio
BDX,"Becton, Dickinson and Company C"
BEAT,"BioTelemetry, Inc."
BEAV,"B/E Aerospace, Inc."
BEBE,"bebe stores, inc."
BECN,"Beacon Roofing Supply, Inc."
BELFB,Bel Fuse Inc.
BEN,"Franklin Resources, Inc. Common"
BERY,"Berry Global Group, Inc. Common"
BFAM,Bright Horizons Family Solution
BFIN,BankFinancial Corporation
BFS,"Saul Centers, Inc. Common Stock"
BG,Bunge Limited Bunge Limited
BGC,General Cable Corporation Commo
BGCP,"BGC Partners, Inc."
BGFV,Big 5 Sporting Goods Corporatio
BGG,Briggs & Stratton Corporation C
BGS,"B&G Foods, Inc. B&G Foods, Inc."
BH,Biglari Holdings Inc.
BHB,"Bar Harbor Bankshares, Inc. Com"
BHE,"Benchmark Electronics, Inc. Com"
BHI,Baker Hughes Incorporated Commo
BHLB,"Berkshire Hills Bancorp, Inc. C"
BIDU,"Baidu, Inc."
BIG,"Big Lots, Inc. Common Stock"
BIIB,Biogen Inc.
BIO,"Bio-Rad Laboratories, Inc. Clas"
BIOL,"Biolase, Inc."
BIOS,"BioScrip, Inc."
BJRI,"BJ's Restaurants, Inc."
BK,Bank of New York Mellon Corpora
BKCC,BlackRock Capital Investment Co
BKD,Brookdale Senior Living Inc. Co
BKE,"Buckle, Inc. (The) Common Stock"
BKH,Black Hills Corporation Common
BKMU,Bank Mutual Corporation
BKS,"Barnes & Noble, Inc. Common Sto"
BKU,"BankUnited, Inc. Common Stock"
BKYF,The Bank of Kentucky Financial
BLDR,"Builders FirstSource, Inc."
BLK,"BlackRock, Inc. Common Stock"
BLKB,"Blackbaud, Inc."
BLL,Ball Corporation Common Stock
BLMN,"Bloomin' Brands, Inc."
BLOX,Infoblox Inc.
BLT,"Blount International, Inc."
BLUE,"bluebird bio, Inc."
BLX,Banco Latinoamericano de Comerc
BMI,"Badger Meter, Inc. Common Stock"
BMRC,Bank of Marin Bancorp
BMRN,BioMarin Pharmaceutical Inc.
BMS,"Bemis Company, Inc. Common Stoc"
BMTC,Bryn Mawr Bank Corporation
BMY,Bristol-Myers Squibb Company Co
BNCL,"Beneficial Bancorp, Inc."
BNCN,BNC Bancorp
BNFT,"Benefitfocus, Inc."
BOBE,"Bob Evans Farms, Inc."
BODY,BODY CENTRAL CORP.
BOFI,"BofI Holding, Inc."
BOH,Bank of Hawaii Corporation Comm
BOKF,BOK Financial Corporation
BONT,"The Bon-Ton Stores, Inc."
BOOM,DMC Global Inc.
BP,BP p.l.c. Common Stock
BPFH,Boston Private Financial Holdin
BPI,"Bridgepoint Education, Inc."
BPOP,"Popular, Inc."
BPTH,"Bio-Path Holdings, Inc."
BR,"Broadridge Financial Solutions,"
BRC,Brady Corporation Common Stock
BRCD,"Brocade Communications Systems,"
BRDR,"Borderfree, Inc."
BREW,"Craft Brew Alliance, Inc."
BRKL,"Brookline Bancorp, Inc."
BRKR,Bruker Corporation
BRKS,"Brooks Automation, Inc."
BRLI,"Bio-Reference Laboratories, Inc"
BRO,"Brown & Brown, Inc. Common Stoc"
BRS,Bristow Group Inc. Common Stock
BRSS,Global Brass and Copper Holding
BRT,BRT Apartments Corp. (MD)
BSET,"Bassett Furniture Industries, I"
BSFT,"BroadSoft, Inc."
BSRR,Sierra Bancorp
BSTC,BioSpecifics Technologies Corp
BSX,Boston Scientific Corporation C
BTU,Peabody Energy Corporation Comm
BTX,"BioTime, Inc. Common Stock"
BURL,"Burlington Stores, Inc. Common"
BUSE,First Busey Corporation
BV,"Bazaarvoice, Inc."
BWA,BorgWarner Inc. Common Stock
BWC,Babcock Common Stock
BWINB,"Baldwin & Lyons, Inc."
BWLD,"Buffalo Wild Wings, Inc."
BXC,Bluelinx Holdings Inc. Common S
BXP,"Boston Properties, Inc. Common"
BXS,"BancorpSouth, Inc. Common Stock"
BYD,Boyd Gaming Corporation Common
BZH,"Beazer Homes USA, Inc. Common S"
C,"Citigroup, Inc. Common Stock"
CA,CA Inc.
CAB,Cabela's Inc Class A Common Sto
CAC,Camden National Corporation
CACB,Cascade Bancorp
CACC,Credit Acceptance Corporation
CACI,"CACI International, Inc. Class"
CACQ,Caesars Acquisition Company
CAG,"ConAgra Brands, Inc. Common Sto"
CAH,"Cardinal Health, Inc. Common St"
CAKE,The Cheesecake Factory Incorpor
CALD,"Callidus Software, Inc."
CALL,magicJack VocalTec Ltd
CALM,"Cal-Maine Foods, Inc."
CALX,"Calix, Inc Common Stock"
CAM,Cameron International Corporati
CAMP,CalAmp Corp.
CAR,"Avis Budget Group, Inc."
CARA,"Cara Therapeutics, Inc."
CARB,"Carbonite, Inc."
CAS,Castle (A.M.) & Co.
CASH,"Meta Financial Group, Inc."
CASS,"Cass Information Systems, Inc"
CASY,"Caseys General Stores, Inc."
CAT,"Caterpillar, Inc. Common Stock"
CATM,Cardtronics plc
CATO,Cato Corporation (The) Class A
CATY,Cathay General Bancorp
CAVM,"Cavium, Inc."
CB,D/B/A Chubb Limited New Common
CBB,Cincinnati Bell Inc. Common Sto
CBF,Capital Bank Financial Corp.
CBG,CBRE Group Inc Common Stock Cla
CBI,Chicago Bridge & Iron Company N
CBK,Christopher & Banks Corporation
CBL,"CBL & Associates Properties, In"
CBM,Cambrex Corporation Common Stoc
CBOE,"CBOE Holdings, Inc."
CBPX,"Continental Building Products,"
CBR,"Ciber, Inc."
CBRL,Cracker Barrel Old Country Stor
CBS,CBS Corporation Class B Common
CBSH,"Commerce Bancshares, Inc."
CBT,Cabot Corporation Common Stock
CBU,"Community Bank System, Inc. Com"
CBZ,"CBIZ, Inc. Common Stock"
CCBG,Capital City Bank Group
CCC,Calgon Carbon Corporation Commo
CCE,Coca-Cola European Partners plc
CCF,Chase Corporation Common Stock
CCI,Crown Castle International Corp
CCK,"Crown Holdings, Inc."
CCL,Carnival Corporation Common Sto
CCMP,Cabot Microelectronics Corporat
CCNE,CNB Financial Corporation
CCO,"Clear Channel Outdoor Holdings,"
CCOI,"Cogent Communications Holdings,"
CCRN,"Cross Country Healthcare, Inc."
CCXI,"ChemoCentryx, Inc."
CDE,"Coeur Mining, Inc. Common Stock"
CDI,CDI Corporation Common Stock
CDNS,"Cadence Design Systems, Inc."
CDR,"Cedar Realty Trust, Inc. Common"
CE,Celanese Corporation Celanese C
CEB,CEB Inc.
CECE,CECO Environmental Corp.
CECO,Career Education Corporation
CELG,Celgene Corporation
CEMP,"Cempra, Inc."
CENTA,Central Garden & Pet Company
CENX,Century Aluminum Company
CERN,Cerner Corporation
CERS,Cerus Corporation
CETV,Central European Media Enterpri
CEVA,"CEVA, Inc."
CF,"CF Industries Holdings, Inc. Co"
CFFI,C&F Financial Corporation
CFFN,"Capitol Federal Financial, Inc."
CFG,"Citizens Financial Group, Inc."
CFI,"Culp, Inc. Common Stock"
CFNB,California First National Banco
CFNL,Cardinal Financial Corporation
CFR,"Cullen/Frost Bankers, Inc. Comm"
CFX,Colfax Corporation Common Stock
CGI,"Celadon Group, Inc. Common Stoc"
CGNX,Cognex Corporation
CHCO,City Holding Company
CHD,"Church & Dwight Company, Inc. C"
CHDN,"Churchill Downs, Incorporated"
CHE,Chemed Corp
CHEF,"The Chefs' Warehouse, Inc."
CHFC,Chemical Financial Corporation
CHFN,Charter Financial Corp.
CHGG,"Chegg, Inc. Common Stock"
CHH,"Choice Hotels International, In"
CHK,Chesapeake Energy Corporation C
CHKP,Check Point Software Technologi
CHMG,Chemung Financial Corp
CHMT,Chemtura Corp. Common Stock
CHRW,"C.H. Robinson Worldwide, Inc."
CHS,"Chico's FAS, Inc. Common Stock"
CHSP,Chesapeake Lodging Trust Common
CHTR,"Charter Communications, Inc."
CHUY,"Chuy's Holdings, Inc."
CI,Cigna Corporation Common Stock
CIA,"Citizens, Inc. Class A Common S"
CIDM,Cinedigm Corp
CIE,"Cobalt International Energy, In"
CIEN,Ciena Corporation Common Stock
CIFC,CIFC LLC
CIM,Chimera Investment Corporation
CINF,Cincinnati Financial Corporatio
CIR,"CIRCOR International, Inc. Comm"
CIT,CIT Group Inc (DEL)
CIX,CompX International Inc. Common
CJES,"C&J Energy Services, Ltd."
CKEC,"Carmike Cinemas, Inc."
CKH,SEACOR Holdings Inc. Common Sto
CKP,"Checkpoint Systms, Inc."
CL,Colgate-Palmolive Company Commo
CLC,CLARCOR Inc.
CLCT,"Collectors Universe, Inc."
CLD,Cloud Peak Energy Inc Common St
CLDT,Chatham Lodging Trust (REIT) Co
CLDX,"Celldex Therapeutics, Inc."
CLF,Cliffs Natural Resources Inc Co
CLFD,"Clearfield, Inc."
CLGX,"CoreLogic, Inc. Common Stock"
CLH,"Clean Harbors, Inc. Common Stoc"
CLI,Mack-Cali Realty Corporation Co
CLMS,"Calamos Asset Management, Inc."
CLNE,Clean Energy Fuels Corp.
CLNY,"Colony Capital, Inc. Class A"
CLR,"Continental Resources, Inc. Com"
CLUB,Town Sports International Holdi
CLVS,"Clovis Oncology, Inc."
CLW,Clearwater Paper Corporation Co
CLX,Clorox Company (The) Common Sto
CMA,Comerica Incorporated Common St
CMC,Commercial Metals Company Commo
CMCO,Columbus McKinnon Corporation
CMCSA,Comcast Corporation
CME,CME Group Inc.
CMG,"Chipotle Mexican Grill, Inc. Co"
CMI,Cummins Inc. Common Stock
CMLS,Cumulus Media Inc.
CMN,Cantel Medical Corp.
CMO,Capstead Mortgage Corporation C
CMP,Compass Minerals Intl Inc Commo
CMRX,"Chimerix, Inc."
CMS,CMS Energy Corporation Common S
CMTL,Comtech Telecommunications Corp
CNA,CNA Financial Corporation Commo
CNBKA,"Century Bancorp, Inc."
CNC,Centene Corporation Common Stoc
CNK,Cinemark Holdings Inc Cinemark
CNL,Cleco Corporation
CNMD,CONMED Corporation
CNO,"CNO Financial Group, Inc. Commo"
CNOB,"ConnectOne Bancorp, Inc."
CNP,"CenterPoint Energy, Inc (Holdin"
CNS,Cohen & Steers Inc Common Stock
CNSI,Comverse Inc.
CNSL,Consolidated Communications Hol
CNX,CONSOL Energy Inc. Common Stock
COB,CommunityOne Bancorp
COBZ,CoBiz Financial Inc.
COCO,Corinthian Colleges Inc
COF,Capital One Financial Corporati
COG,Cabot Oil & Gas Corporation Com
COH,"Coach, Inc. Common Stock"
COHR,"Coherent, Inc."
COHU,"Cohu, Inc."
COKE,Coca-Cola Bottling Co. Consolid
COL,"Rockwell Collins, Inc. Common S"
COLB,"Columbia Banking System, Inc."
COLM,Columbia Sportswear Company
CONE,CyrusOne Inc
CONN,"Conn's, Inc."
COO,"Cooper Companies, Inc. (The) Co"
COP,ConocoPhillips Common Stock
COR,CoreSite Realty Corporation Com
CORE,"Core-Mark Holding Company, Inc."
CORR,"CorEnergy Infrastructure Trust,"
CORT,Corcept Therapeutics Incorporat
COST,Costco Wholesale Corporation
COTY,Coty Inc. Class A Common Stock
COUP,Coupa Software Incorporated
COVS,Covisint Corporation
COWN,"Cowen Group, Inc."
CPA,"Copa Holdings, S.A. Copa Holdin"
CPB,Campbell Soup Company Common St
CPE,Callon Petroleum Company Common
CPF,Central Pacific Financial Corp
CPHD,CEPHEID
CPK,Chesapeake Utilities Corporatio
CPLA,Capella Education Company
CPN,Calpine Corporation Common Stoc
CPRT,"Copart, Inc."
CPS,Cooper-Standard Holdings Inc. C
CPSI,"Computer Programs and Systems,"
CPSS,"Consumer Portfolio Services, In"
CPST,Capstone Turbine Corporation
CPT,Camden Property Trust Common St
CR,Crane Company Common Stock
CRAI,"CRA International,Inc."
CRAY,Cray Inc
CRCM,"Care.com, Inc. Common Stock"
CREE,"Cree, Inc."
CRI,"Carter's, Inc. Common Stock"
CRIS,"Curis, Inc."
CRK,"Comstock Resources, Inc. Common"
CRL,Charles River Laboratories Inte
CRM,Salesforce.com Inc Common Stock
CRMT,"America's Car-Mart, Inc."
CROX,"Crocs, Inc."
CRR,"Carbo Ceramics, Inc. Common Sto"
CRRC,Courier Corporation
CRRS,"Corporate Resource Services, In"
CRS,Carpenter Technology Corporatio
CRUS,"Cirrus Logic, Inc."
CRVL,CorVel Corp.
CRWN,"Crown Media Holdings, Inc. - Cl"
CRY,"CryoLife, Inc. Common Stock"
CRZO,"Carrizo Oil & Gas, Inc."
CSBK,Clifton Bancorp Inc.
CSC,Computer Sciences Corporation
CSCD,"Cascade Microtech, Inc."
CSCO,"Cisco Systems, Inc."
CSFL,"CenterState Banks, Inc."
CSGP,"CoStar Group, Inc."
CSGS,"CSG Systems International, Inc."
CSH,"Cash America International, Inc"
CSII,"Cardiovascular Systems, Inc."
CSL,Carlisle Companies Incorporated
CSLT,"Castlight Health, Inc. Class B"
CSOD,"Cornerstone OnDemand, Inc."
CSS,"CSS Industries, Inc. Common Sto"
CST,"CST Brands, Inc. Common Stock"
CSU,Capital Senior Living Corporati
CSV,"Carriage Services, Inc. Common"
CSWC,Capital Southwest Corporation
CSX,CSX Corporation
CTAS,Cintas Corporation
CTB,Cooper Tire & Rubber Company Co
CTBI,"Community Trust Bancorp, Inc."
CTCT,"Constant Contact, Inc."
CTG,"Computer Task Group, Incorporat"
CTIC,CTI BioPharma Corp.
CTL,"CenturyLink, Inc. Common Stock"
CTO,Consolidated-Tomoka Land Co. Co
CTRE,"CareTrust REIT, Inc."
CTRL,Control4 Corporation
CTRN,"Citi Trends, Inc."
CTRX,Catamaran Corporation
CTS,CTS Corporation Common Stock
CTSH,Cognizant Technology Solutions
CTT,"CatchMark Timber Trust, Inc. Cl"
CTWS,"Connecticut Water Service, Inc."
CTXS,"Citrix Systems, Inc."
CUB,Cubic Corporation Common Stock
CUBE,CubeSmart Common Shares
CUBI,"Customers Bancorp, Inc Common S"
CUDA,"Barracuda Networks, Inc. Common"
CUI,"CUI Global, Inc."
CUNB,CU Bancorp (CA)
CUR,"Neuralstem, Inc."
CUTR,"Cutera, Inc."
CUZ,Cousins Properties Incorporated
CVA,Covanta Holding Corporation Com
CVBF,CVB Financial Corporation
CVC,Cablevision Systems Corporation
CVCO,"Cavco Industries, Inc."
CVEO,Civeo Corporation (Canada) Comm
CVG,Convergys Corporation Common St
CVGI,"Commercial Vehicle Group, Inc."
CVGW,"Calavo Growers, Inc."
CVI,CVR Energy Inc. Common Stock
CVLT,"Commvault Systems, Inc."
CVO,Cenveo Inc Common Stock
CVS,CVS Health Corporation Common S
CVT,"CVENT, INC."
CVX,Chevron Corporation Common Stoc
CW,Curtiss-Wright Corporation Comm
CWCO,Consolidated Water Co. Ltd.
CWEI,"Clayton Williams Energy, Inc. C"
CWST,"Casella Waste Systems, Inc."
CWT,California Water Service Group
CXO,Concho Resources Inc. Common St
CXW,"CoreCivic, Inc. Common Stock"
CY,Cypress Semiconductor Corporati
CYBX,"Cyberonics, Inc."
CYH,"Community Health Systems, Inc."
CYNO,"Cynosure, Inc."
CYS,"CYS Investments, Inc. Common St"
CYTK,"Cytokinetics, Incorporated"
CYTR,CytRx Corporation
CYTX,Cytori Therapeutics Inc
CZNC,Citizens & Northern Corp
CZR,Caesars Entertainment Corporati
D,"Dominion Resources, Inc. Common"
DAKT,"Daktronics, Inc."
DAL,"Delta Air Lines, Inc. Common St"
DAN,Dana Incorporated Common Stock
DAR,Darling Ingredients Inc. Common
DATA,"Tableau Software, Inc. Class A"
DAVE,"Famous Dave's of America, Inc."
DBD,Diebold Nixdorf Incorporated Co
DCI,"Donaldson Company, Inc. Common"
DCO,Ducommun Incorporated Common St
DCOM,"Dime Community Bancshares, Inc."
DCT,DCT Industrial Trust Inc Common
DD,E.I. du Pont de Nemours and Com
DDD,3D Systems Corporation Common S
DDR,DDR Corp. Common Stock
DDS,"Dillard's, Inc. Common Stock"
DE,Deere & Company Common Stock
DECK,Deckers Outdoor Corporation Com
DEI,"Douglas Emmett, Inc. Common Sto"
DEL,Deltic Timber Corporation Commo
DENN,Denny's Corporation
DEPO,"Depomed, Inc."
DEST,Destination Maternity Corporati
DF,Dean Foods Company Common Stock
DFRG,"Del Frisco's Restaurant Group,"
DFS,Discover Financial Services Com
DFT,"Dupont Fabros Technology, Inc."
DG,Dollar General Corporation Comm
DGAS,"Delta Natural Gas Company, Inc."
DGI,"DigitalGlobe, Inc Common Stock"
DGICA,"Donegal Group, Inc."
DGII,Digi International Inc.
DGX,Quest Diagnostics Incorporated
DHI,"D.R. Horton, Inc. Common Stock"
DHIL,"Diamond Hill Investment Group,"
DHR,Danaher Corporation Common Stoc
DHT,"DHT Holdings, Inc."
DHX,"DHI Group, Inc. Common Stock"
DIN,"DineEquity, Inc Common Stock"
DIOD,Diodes Incorporated
DISCA,"Discovery Communications, Inc."
DISCK,"Discovery Communications, Inc."
DISH,DISH Network Corporation
DJCO,Daily Journal Corp. (S.C.)
DK,"Delek US Holdings, Inc. Common"
DKS,Dick's Sporting Goods Inc Commo
DLB,Dolby Laboratories Common Stock
DLPH,Delphi Automotive plc Ordinary
DLR,"Digital Realty Trust, Inc. Comm"
DLTR,"Dollar Tree, Inc."
DLX,Deluxe Corporation Common Stock
DMD,Demand Media Inc.
DMND,"Diamond Foods, Inc."
DMRC,Digimarc Corporation
DNB,Dun & Bradstreet Corporation (T
DNKN,"Dunkin' Brands Group, Inc."
DNR,Denbury Resources Inc. Common S
DO,"Diamond Offshore Drilling, Inc."
DOC,Physicians Realty Trust Common
DOOR,Masonite International Corporat
DORM,"Dorman Products, Inc."
DOV,Dover Corporation Common Stock
DOW,Dow Chemical Company (The) Comm
DOX,Amdocs Limited
DPS,"Dr Pepper Snapple Group, Inc Dr"
DPZ,Domino's Pizza Inc Common Stock
DRC,Dresser-Rand Group Inc. Common
DRE,Duke Realty Corporation Common
DRH,Diamondrock Hospitality Company
DRI,"Darden Restaurants, Inc. Common"
DRII,"Diamond Resorts International,"
DRNA,"Dicerna Pharmaceuticals, Inc."
DRQ,"Dril-Quip, Inc. Common Stock"
DSCI,"Derma Sciences, Inc."
DSPG,"DSP Group, Inc."
DST,"DST Systems, Inc. Common Stock"
DSW,DSW Inc. Common Stock
DTE,DTE Energy Company Common Stock
DTLK,Datalink Corporation
DTSI,"DTS, Inc."
DTV,DTE Energy Company 2016 Corpora
DUK,Duke Energy Corporation (Holdin
DV,DeVry Education Group Inc. Comm
DVA,DaVita Inc. Common Stock
DVAX,Dynavax Technologies Corporatio
DVN,Devon Energy Corporation Common
DW,Drew Industries Incorporated  (
DWA,"Dreamworks Animation SKG, Inc."
DWRE,"DEMANDWARE, INC."
DWSN,Dawson Geophysical Company
DX,"Dynex Capital, Inc. Common Stoc"
DXCM,"DexCom, Inc."
DXLG,"Destination XL Group, Inc."
DXM,"Dex Media, Inc."
DXPE,"DXP Enterprises, Inc."
DXYN,"The Dixie Group, Inc."
DY,"Dycom Industries, Inc. Common S"
DYAX,Dyax Corp.
DYN,Dynegy Inc. Common Stock
EA,Electronic Arts Inc.
EAC,Erickson Incorporated
EAT,"Brinker International, Inc. Com"
EBAY,eBay Inc.
EBF,"Ennis, Inc. Common Stock"
EBIO,"Eleven Biotherapeutics, Inc."
EBIX,"Ebix, Inc."
EBS,"Emergent Biosolutions, Inc. Com"
EBSB,"Meridian Bancorp, Inc."
EBTC,Enterprise Bancorp Inc
ECHO,"Echo Global Logistics, Inc."
ECL,Ecolab Inc. Common Stock
ECOL,"US Ecology, Inc."
ECOM,ChannelAdvisor Corporation Comm
ECPG,Encore Capital Group Inc
ECYT,"Endocyte, Inc."
ED,"Consolidated Edison, Inc. Commo"
EDE,Empire District Electric Compan
EDIG,E DIGITAL CORP
EDMC,EDUCATION MANAGEMENT
EDR,"Education Realty Trust, Inc. Co"
EE,El Paso Electric Company
EEFT,"Euronet Worldwide, Inc."
EFII,"Electronics for Imaging, Inc."
EFSC,Enterprise Financial Services C
EFX,"Equifax, Inc. Common Stock"
EGAN,eGain Corporation
EGBN,"Eagle Bancorp, Inc."
EGHT,8x8 Inc
EGL,"Engility Holdings, Inc. Common"
EGLT,Egalet Corporation
EGN,Energen Corporation Common Stoc
EGOV,NIC Inc.
EGP,"EastGroup Properties, Inc. Comm"
EGY,Vaalco Energy Inc Common Stock
EHTH,"eHealth, Inc."
EIG,Employers Holdings Inc Common S
EIGI,Endurance International Group H
EIX,Edison International Common Sto
EL,"Estee Lauder Companies, Inc. (T"
ELGX,"Endologix, Inc."
ELLI,"Ellie Mae, Inc. Common Stock"
ELNK,EarthLink Holdings Corp.
ELRC,Electro Rent Corporation
ELS,"Equity Lifestyle Properties, In"
ELY,Callaway Golf Company Common St
EMC,EMC Corporation
EMCI,EMC Insurance Group Inc.
EME,"EMCOR Group, Inc. Common Stock"
EMN,Eastman Chemical Company Common
EMR,Emerson Electric Company Common
ENDP,Endo International plc
ENH,Endurance Specialty Holdings Lt
ENOC,"EnerNOC, Inc."
ENPH,"Enphase Energy, Inc."
ENR,"Energizer Holdings, Inc. Common"
ENS,Enersys Common Stock
ENSG,"The Ensign Group, Inc."
ENT,Global Eagle Entertainment Inc.
ENTA,"Enanta Pharmaceuticals, Inc."
ENTG,"Entegris, Inc."
ENV,"Envestnet, Inc Common Stock"
ENZ,"Enzo Biochem, Inc. Common Stock"
ENZN,ENZON PHARMACEUTIC COM USD0.01
EOG,"EOG Resources, Inc. Common Stoc"
EOX,"Emerald Oil, Inc. Common Stock"
EPAM,"EPAM Systems, Inc. Common Stock"
EPAY,"Bottomline Technologies, Inc."
EPIQ,"EPIQ Systems, Inc."
EPM,Evolution Petroleum Corporation
EPR,EPR Properties Common Stock
EPZM,"Epizyme, Inc."
EQIX,"Equinix, Inc."
EQR,Equity Residential Common Share
EQT,EQT Corporation Common Stock
EQY,"Equity One, Inc."
ERA,"Era Group, Inc. Common Stock"
ERIE,Erie Indemnity Company
ERII,"Energy Recovery, Inc."
EROS,Eros International PLC A Ordina
ES,Eversource Energy (D/B/A) Commo
ESCA,"Escalade, Incorporated"
ESE,ESCO Technologies Inc. Common S
ESGR,Enstar Group Limited
ESI,"ITT Educational Services, Inc."
ESIO,"Electro Scientific Industries,"
ESL,Esterline Technologies Corporat
ESNT,Essent Group Ltd.
ESPR,"Esperion Therapeutics, Inc."
ESRT,"Empire State Realty Trust, Inc."
ESRX,Express Scripts Holding Company
ESS,"Essex Property Trust, Inc. Comm"
ESSA,"ESSA Bancorp, Inc."
ESV,Ensco plc Class A Ordinary Shar
ETFC,E*TRADE Financial Corporation
ETH,Ethan Allen Interiors Inc. Comm
ETM,Entercom Communications Corpora
ETN,"Eaton Corporation, PLC Ordinary"
ETR,Entergy Corporation Common Stoc
EV,Eaton Vance Corporation Common
EVC,Entravision Communications Corp
EVDY,"Everyday Health, Inc."
EVER,EverBank Financial Corp. Common
EVHC,Envision Healthcare Corporation
EVR,Evercore Partners Inc Class A C
EVTC,"Evertec, Inc. Common Stock"
EW,Edwards Lifesciences Corporatio
EWBC,"East West Bancorp, Inc."
EXAC,"Exactech, Inc."
EXAM,"ExamWorks Group, Inc."
EXAR,Exar Corporation Common Stock
EXAS,Exact Sciences Corporation
EXC,Exelon Corporation Common Stock
EXEL,"Exelixis, Inc."
EXLS,"ExlService Holdings, Inc."
EXP,Eagle Materials Inc Common Stoc
EXPD,Expeditors International of Was
EXPE,"Expedia, Inc."
EXPO,"Exponent, Inc."
EXPR,"Express, Inc. Common Stock"
EXR,Extra Space Storage Inc Common
EXTR,"Extreme Networks, Inc."
EXXI,"Energy XXI Gulf Coast, Inc."
EZPW,"EZCORP, Inc."
F,Ford Motor Company Common Stock
FAF,First American Corporation (New
FANG,"Diamondback Energy, Inc."
FARM,Farmer Brothers Company
FARO,"FARO Technologies, Inc."
FAST,Fastenal Company
FB,"Facebook, Inc."
FBC,"Flagstar Bancorp, Inc. Common S"
FBHS,"Fortune Brands Home & Security,"
FBIZ,First Business Financial Servic
FBNC,First Bancorp
FBNK,"First Connecticut Bancorp, Inc."
FBP,First BanCorp. New Common Stock
FBRC,FBR & Co
FC,Franklin Covey Company Common S
FCBC,"First Community Bancshares, Inc"
FCEL,"FuelCell Energy, Inc."
FCF,First Commonwealth Financial Co
FCFS,"First Cash, Inc. Common Stock"
FCH,FelCor Lodging Trust Incorporat
FCN,"FTI Consulting, Inc. Common Sto"
FCNCA,"First Citizens BancShares, Inc."
FCS,Fairchild Semiconductor Interna
FCSC,Fibrocell Science Inc
FCX,"Freeport-McMoRan, Inc. Common S"
FDEF,First Defiance Financial Corp.
FDML,Federal-Mogul Holdings Corporat
FDO,"Family Dollar Stores, Inc. Comm"
FDP,"Fresh Del Monte Produce, Inc. C"
FDS,FactSet Research Systems Inc. C
FDUS,Fidus Investment Corporation
FDX,FedEx Corporation Common Stock
FE,FirstEnergy Corporation Common
FEIC,FEI Company
FELE,"Franklin Electric Co., Inc."
FET,"Forum Energy Technologies, Inc."
FF,FutureFuel Corp.  Common shares
FFBC,First Financial Bancorp.
FFG,"FBL Financial Group, Inc. Commo"
FFIC,Flushing Financial Corporation
FFIN,"First Financial Bankshares, Inc"
FFIV,"F5 Networks, Inc."
FFKT,Farmers Capital Bank Corporatio
FFNW,"First Financial Northwest, Inc."
FGL,Fidelity & Guaranty Life Common
FHCO,Female Health Company (The)
FHN,First Horizon National Corporat
FIBK,"First Interstate BancSystem, In"
FICO,Fair Isaac Corproation Common S
FII,"Federated Investors, Inc. Commo"
FINL,"The Finish Line, Inc."
FIS,Fidelity National Information S
FISI,"Financial Institutions, Inc."
FISV,"Fiserv, Inc."
FITB,Fifth Third Bancorp
FIVE,"Five Below, Inc."
FIVN,"Five9, Inc."
FIX,"Comfort Systems USA, Inc. Commo"
FIZZ,National Beverage Corp.
FL,"Foot Locker, Inc."
FLDM,Fluidigm Corporation
FLIC,The First of Long Island Corpor
FLIR,"FLIR Systems, Inc."
FLO,"Flowers Foods, Inc. Common Stoc"
FLR,Fluor Corporation Common Stock
FLS,Flowserve Corporation Common St
FLT,"FleetCor Technologies, Inc. Com"
FLTX,Fleetmatics Group PLC Ordinary
FLWS,"1-800 FLOWERS.COM, Inc."
FLXN,"Flexion Therapeutics, Inc."
FLXS,"Flexsteel Industries, Inc."
FMBI,"First Midwest Bancorp, Inc."
FMC,FMC Corporation Common Stock
FMD,First Marblehead Corporation (T
FMER,FirstMerit Corporation
FMI,"Foundation Medicine, Inc."
FN,Fabrinet Ordinary Shares
FNB,F.N.B. Corporation Common Stock
FNF,FNF Group of Fidelity National
FNFG,First Niagara Financial Group I
FNGN,"Financial Engines, Inc."
FNHC,Federated National Holding Comp
FNLC,"First Bancorp, Inc (ME)"
FNSR,Finisar Corporation
FOE,Ferro Corporation Common Stock
FOLD,"Amicus Therapeutics, Inc."
FOR,Forestar Group Inc Common Stock
FORM,"FormFactor, Inc."
FORR,"Forrester Research, Inc."
FOSL,"Fossil Group, Inc."
FOX,"Twenty-First Century Fox, Inc."
FOXA,"Twenty-First Century Fox, Inc."
FOXF,Fox Factory Holding Corp.
FPO,First Potomac Realty Trust Comm
FPRX,"Five Prime Therapeutics, Inc."
FR,"First Industrial Realty Trust,"
FRAN,Francesca's Holdings Corporatio
FRBK,"Republic First Bancorp, Inc."
FRC,FIRST REPUBLIC BANK Common Stoc
FRED,"Fred's, Inc."
FRGI,"Fiesta Restaurant Group, Inc."
FRME,First Merchants Corporation
FRO,Frontline Ltd. Ordinary Shares
FRP,"FairPoint Communications, Inc."
FRSH,"Papa Murphy's Holdings, Inc."
FRT,Federal Realty Investment Trust
FSC,Fifth Street Finance Corp.
FSGI,"First Security Group, Inc."
FSLR,"First Solar, Inc."
FSP,Franklin Street Properties Corp
FSS,Federal Signal Corporation Comm
FSTR,L.B. Foster Company
FSYS,"Fuel Systems Solutions, Inc."
FTD,"FTD Companies, Inc."
FTI,TechnipFMC plc Ordinary Share
FTK,"Flotek Industries, Inc. Common"
FTNT,"Fortinet, Inc."
FTR,Frontier Communications Corpora
FUEL,Rocket Fuel Inc.
FUL,H. B. Fuller Company Common Sto
FULT,Fulton Financial Corporation
FUR,Winthrop Realty Trust New
FVE,Five Star Senior Living Inc.
FWM,Fairway Group Holdings Corp. -
FWRD,Forward Air Corporation
FXCB,"Fox Chase Bancorp, Inc."
FXCM,GLOBAL BROKERAGE INC
FXEN,"FX Energy, Inc."
G,Genpact Limited Common Stock
GABC,"German American Bancorp, Inc."
GAIA,"Gaia, Inc."
GAIN,Gladstone Investment Corporatio
GALE,"Galena Biopharma, Inc."
GALT,Galectin Therapeutics Inc.
GARS,Garrison Capital Inc.
GAS,"AGL Resources, Inc."
GB,"Greatbatch, Inc."
GBCI,"Glacier Bancorp, Inc."
GBDC,"Golub Capital BDC, Inc."
GBL,"Gamco Investors, Inc. Common St"
GBLI,Global Indemnity Limited
GBNK,Guaranty Bancorp
GBX,"Greenbrier Companies, Inc. (The"
GCAP,"GAIN Capital Holdings, Inc. Com"
GCI,"Gannett Co., Inc. Common Stock"
GCO,Genesco Inc. Common Stock
GD,General Dynamics Corporation Co
GDOT,Green Dot Corporation Class A C
GDP,Goodrich Petroleum Corporation
GE,General Electric Company Common
GEF,Greif Inc. Class A Common Stock
GEO,Geo Group Inc (The) REIT
GEOS,Geospace Technologies Corporati
GERN,Geron Corporation
GES,"Guess?, Inc. Common Stock"
GEVA,Synageva BioPharma Corp.
GFF,Griffon Corporation Common Stoc
GFIG,GFI Group Inc
GFN,General Finance Corporation
GGG,Graco Inc. Common Stock
GGP,GGP Inc. Common Stock
GHC,Graham Holdings Company Common
GHDX,"Genomic Health, Inc."
GHL,"Greenhill & Co., Inc. Common St"
GHM,Graham Corporation Common Stock
GIFI,"Gulf Island Fabrication, Inc."
GIII,"G-III Apparel Group, LTD."
GILD,"Gilead Sciences, Inc."
GIMO,Gigamon Inc. Common Stock
GIS,"General Mills, Inc. Common Stoc"
GK,"G&K Services, Inc."
GLAD,Gladstone Capital Corporation
GLDD,Great Lakes Dredge & Dock Corpo
GLF,"GulfMark Offshore, Inc. New"
GLNG,Golar LNG Limited
GLOG,GasLog Ltd. Common Shares
GLPW,GLOBAL POWER EQUIP COM STK USD0
GLRE,"Greenlight Reinsurance, Ltd."
GLRI,GLORI ENERGY INC COM USD0.0001
GLT,Glatfelter Common Stock
GLUU,Glu Mobile Inc.
GLW,Corning Incorporated Common Sto
GM,General Motors Company Common S
GMAN,"Gordmans Stores, Inc."
GMCR,"Keurig Green Mountain, Inc."
GME,Gamestop Corporation Common Sto
GMED,"Globus Medical, Inc. Class A Co"
GMO,"General Moly, Inc. Common Stock"
GMT,GATX Corporation
GNC,"GNC Holdings, Inc. Class A Comm"
GNCA,"Genocea Biosciences, Inc."
GNCMA,"General Communication, Inc."
GNE,Genie Energy Ltd. Class B Commo
GNMK,"GenMark Diagnostics, Inc."
GNRC,Generac Holdlings Inc. Common S
GNTX,Gentex Corporation
GNW,Genworth Financial Inc
GOGO,Gogo Inc.
GOLD,Randgold Resources Limited
GOOD,Gladstone Commercial Corporatio
GOOG,Alphabet Inc.
GOOGL,Alphabet Inc.
GORO,Gold Resource Corporation Commo
GOV,Government Properties Income Tr
GPC,Genuine Parts Company Common St
GPI,"Group 1 Automotive, Inc. Common"
GPK,Graphic Packaging Holding Compa
GPN,Global Payments Inc. Common Sto
GPOR,Gulfport Energy Corporation
GPRE,"Green Plains, Inc."
GPS,"Gap, Inc. (The) Common Stock"
GPT,Gramercy Property Trust
GPX,GP Strategies Corporation Commo
GRA,W.R. Grace & Co. Common Stock
GRC,Gorman-Rupp Company (The) Commo
GRIF,"Griffin Industrial Realty, Inc."
GRMN,Garmin Ltd.
GRPN,"Groupon, Inc."
GRUB,GrubHub Inc. Common Stock
GS,"Goldman Sachs Group, Inc. (The)"
GSAT,"Globalstar, Inc. Common Stock"
GSBC,"Great Southern Bancorp, Inc."
GSIG,"GSI Group, Inc."
GSIT,"GSI Technology, Inc."
GSM,Ferroglobe PLC
GSOL,Global Sources Ltd.
GST,Gastar Exploration Inc Common S
GSVC,GSV Capital Corp
GT,The Goodyear Tire & Rubber Comp
GTLS,"Chart Industries, Inc."
GTN,"Gray Communications Systems, In"
GTS,Triple-S Management Corporation
GTT,"GTT Communications, Inc. Common"
GTXI,"GTx, Inc."
GTY,Getty Realty Corporation Common
GUID,"Guidance Software, Inc."
GVA,Granite Construction Incorporat
GWR,Genesee & Wyoming Inc. Class A
GWRE,"Guidewire Software, Inc. Common"
GWW,"W.W. Grainger, Inc. Common Stoc"
GXP,Great Plains Energy Incorporate
H,Hyatt Hotels Corporation Class
HA,"Hawaiian Holdings, Inc."
HAE,Haemonetics Corporation Common
HAFC,Hanmi Financial Corporation
HAIN,"The Hain Celestial Group, Inc."
HAL,Halliburton Company Common Stoc
HALL,"Hallmark Financial Services, In"
HALO,"Halozyme Therapeutics, Inc."
HAR,Harman International Industries
HAS,"Hasbro, Inc."
HASI,Hannon Armstrong Sustainable In
HAWK,"Blackhawk Network Holdings, Inc"
HAYN,"Haynes International, Inc."
HBAN,Huntington Bancshares Incorpora
HBCP,"Home Bancorp, Inc."
HBHC,Hancock Holding Company
HBI,Hanesbrands Inc. Common Stock
HBIO,"Harvard Bioscience, Inc."
HBNC,Horizon Bancorp (IN)
HCA,"HCA Holdings, Inc. Common Stock"
HCBK,"Hudson City Bancorp, Inc."
HCC,"Warrior Met Coal, Inc. Common S"
HCCI,"Heritage-Crystal Clean, Inc."
HCI,"HCI Group, Inc. Common Stock"
HCKT,"The Hackett Group, Inc."
HCN,Welltower Inc. Common Stock
HCOM,"Hawaiian Telcom Holdco, Inc."
HCP,"HCP, Inc. Common Stock"
HCSG,"Healthcare Services Group, Inc."
HD,"Home Depot, Inc. (The)"
HDNG,Hardinge Inc.
HE,"Hawaiian Electric Industries, I"
HEAR,Turtle Beach Corporation
HEES,"H&E Equipment Services, Inc."
HEI,Heico Corporation Common Stock
HELE,Helen of Troy Limited
HEOP,Heritage Oaks Bancorp
HERO,"Hercules Offshore, Inc"
HES,Hess Corporation Common Stock
HF,"HFF, Inc. Common Stock, Class A"
HFC,HollyFrontier Corporation Commo
HFWA,Heritage Financial Corporation
HGG,"HHGregg, Inc.  (IN)"
HHC,Howard Hughes Corporation (The)
HHS,"Harte-Hanks, Inc. Common Stock"
HI,Hillenbrand Inc Common Stock
HIBB,"Hibbett Sports, Inc."
HIFS,Hingham Institution for Savings
HIG,Hartford Financial Services Gro
HII,"Huntington Ingalls Industries,"
HIIQ,"Health Insurance Innovations, I"
HIL,"Hill International, Inc. Common"
HILL,Dot Hill Systems Corporation
HIVE,"Aerohive Networks, Inc. Common"
HIW,"Highwoods Properties, Inc. Comm"
HK,Halcon Resources Corporation Co
HL,Hecla Mining Company Common Sto
HLF,Herbalife Ltd. Common Stock
HLIT,Harmonic Inc.
HLS,HealthSouth Corporation Common
HLX,"Helix Energy Solutions Group, I"
HMHC,Houghton Mifflin Harcourt Compa
HMN,Horace Mann Educators Corporati
HMPR,XENITH BANKSHARES INC NEW
HMST,"HomeStreet, Inc."
HMSY,HMS Holdings Corp
HMTV,"Hemisphere Media Group, Inc."
HNH,Handy & Harman Ltd.
HNI,HNI Corporation Common Stock
HNR,Harvest Natural Resources Inc
HNRG,Hallador Energy Company
HOFT,Hooker Furniture Corporation
HOG,"Harley-Davidson, Inc. Common St"
HOLX,"Hologic, Inc."
HOMB,"Home BancShares, Inc."
HON,Honeywell International Inc. Co
HOS,Hornbeck Offshore Services Comm
HOT,Starwood Hotels & Resorts World
HOV,"Hovnanian Enterprises, Inc. Cla"
HP,"Helmerich & Payne, Inc. Common"
HPP,"Hudson Pacific Properties, Inc."
HPQ,HP Inc. Common Stock
HPT,Hospitality Properties Trust
HPY,"Heartland Payment Systems, Inc."
HR,Healthcare Realty Trust Incorpo
HRB,"H&R Block, Inc. Common Stock"
HRC,Hill-Rom Holdings Inc Common St
HRG,"HRG Group, Inc. Common Stock"
HRL,Hormel Foods Corporation Common
HRS,Harris Corporation Common Stock
HRTG,"Heritage Insurance Holdings, In"
HRTX,"Heron Therapeutics, Inc."
HRZN,Horizon Technology Finance Corp
HSC,Harsco Corporation Common Stock
HSIC,"Henry Schein, Inc."
HSII,Heidrick & Struggles Internatio
HSNI,"HSN, Inc."
HST,"Host Hotels & Resorts, Inc. Com"
HSTM,"HealthStream, Inc."
HSY,The Hershey Company Common Stoc
HT,Hersha Hospitality Trust Class
HTA,"Healthcare Trust of America, In"
HTBI,"HomeTrust Bancshares, Inc."
HTBK,Heritage Commerce Corp
HTCH,Hutchinson Technology Incorpora
HTGC,"Hercules Capital, Inc. Common S"
HTH,Hilltop Holdings Inc.
HTLD,"Heartland Express, Inc."
HTLF,"Heartland Financial USA, Inc."
HTS,Hatteras Financial Corp Hattera
HTWR,"Heartware International, Inc."
HTZ,"Hertz Global Holdings, Inc Comm"
HUBG,"Hub Group, Inc."
HUM,Humana Inc. Common Stock
HUN,Huntsman Corporation Common Sto
HURC,"Hurco Companies, Inc."
HURN,Huron Consulting Group Inc.
HVB,Hudson Valley Holding Corp. Com
HVT,"Haverty Furniture Companies, In"
HW,Headwaters Incorporated Common
HWAY,"Healthways, Inc."
HWCC,Houston Wire & Cable Company
HWKN,"Hawkins, Inc."
HXL,Hexcel Corporation Common Stock
HY,"Hyster-Yale Materials Handling,"
HZNP,Horizon Pharma plc
HZO,"MarineMax, Inc.  (FL) Common St"
I,Intelsat S.A. Common Shares
IART,Integra LifeSciences Holdings C
IBCP,Independent Bank Corporation
IBKC,IBERIABANK Corporation
IBKR,"Interactive Brokers Group, Inc."
IBM,International Business Machines
IBOC,International Bancshares Corpor
IBP,"Installed Building Products, In"
IBTX,"Independent Bank Group, Inc"
ICE,Intercontinental Exchange Inc.
ICFI,"ICF International, Inc."
ICON,"Iconix Brand Group, Inc."
ICPT,"Intercept Pharmaceuticals, Inc."
ICUI,"ICU Medical, Inc."
IDA,"IDACORP, Inc. Common Stock"
IDCC,"InterDigital, Inc."
IDRA,"Idera Pharmaceuticals, Inc."
IDT,IDT Corporation Class B Common
IDTI,"Integrated Device Technology, I"
IDXX,"IDEXX Laboratories, Inc."
IEX,IDEX Corporation Common Stock
IFF,Internationa Flavors & Fragranc
IG,"IGI, Laboratories Inc. Common S"
IGT,International Game Technology O
IGTE,iGATE Corporation
IHC,Independence Holding Company Co
IHS,IHS Inc. IHS Inc. Class A
III,"Information Services Group, Inc"
IIIN,"Insteel Industries, Inc."
IILG,ILG INC
IIVI,II-VI Incorporated
IL,"IntraLinks Holdings, Inc.  $0.0"
ILMN,"Illumina, Inc."
IM,Ingram Micro Inc.
IMGN,"ImmunoGen, Inc."
IMI,"Intermolecular, Inc."
IMKTA,"Ingles Markets, Incorporated"
IMMR,Immersion Corporation
IMMU,"Immunomedics, Inc."
IMN,Imation Corporation
IMPV,"Imperva, Inc."
INAP,Internap Corporation
INCY,Incyte Corporation
INDB,Independent Bank Corp.
INFA,Informatica Corporation
INFI,"Infinity Pharmaceuticals, Inc."
INFN,Infinera Corporation
INGN,"Inogen, Inc"
INGR,Ingredion Incorporated Common S
ININ,"Interactive Intelligence Group,"
INN,"Summit Hotel Properties, Inc. C"
INO,"Inovio Pharmaceuticals, Inc."
INSM,"Insmed, Inc."
INSY,"Insys Therapeutics, Inc."
INT,World Fuel Services Corporation
INTC,Intel Corporation
INTL,INTL FCStone Inc.
INTU,Intuit Inc.
INTX,"Intersections, Inc."
INVN,"InvenSense, Inc. Common Stock"
INWK,"InnerWorkings, Inc."
IO,Ion Geophysical Corporation Com
IOSP,Innospec Inc.
IP,International Paper Company Com
IPAR,"Inter Parfums, Inc."
IPCC,Infinity Property and Casualty
IPCM,"IPC Healthcare, Inc."
IPG,"Interpublic Group of Companies,"
IPGP,IPG Photonics Corporation
IPHI,Inphi Corporation Common Stock
IPHS,"Innophos Holdings, Inc."
IPI,"Intrepid Potash, Inc Common Sto"
IPXL,"Impax Laboratories, Inc."
IQNT,"Inteliquent, Inc."
IR,Ingersoll-Rand plc (Ireland)
IRBT,iRobot Corporation
IRC,Inland Real Estate Corporation
IRDM,Iridium Communications Inc
IRET,Investors Real Estate Trust Sha
IRG,"Ignite Restaurant Group, Inc."
IRM,Iron Mountain Incorporated (Del
IRWD,"Ironwood Pharmaceuticals, Inc."
ISBC,"Investors Bancorp, Inc."
ISCA,International Speedway Corporat
ISIL,Intersil Corporation
ISIS,"Ionis Pharmaceuticals, Inc"
ISLE,"Isle of Capri Casinos, Inc."
ISRG,"Intuitive Surgical, Inc."
ISRL,"Isramco, Inc."
ISSC,Innovative Solutions and Suppor
ISSI,"Integrated Silicon Solution, In"
IT,"Gartner, Inc. Common Stock"
ITC,ITC Holdings Corp.
ITCI,Intra-Cellular Therapies Inc.
ITG,"Investment Technology Group, In"
ITIC,Investors Title Company
ITRI,"Itron, Inc."
ITT,ITT Inc. Common Stock
ITW,Illinois Tool Works Inc. Common
IVAC,"Intevac, Inc."
IVC,Invacare Corporation Common Sto
IVR,INVESCO MORTGAGE CAPITAL INC Co
IVZ,Invesco Ltd Common Stock
IXYS,IXYS Corporation
JACK,Jack In The Box Inc.
JAH,Jarden Corporation
JAKK,"JAKKS Pacific, Inc."
JBHT,"J.B. Hunt Transport Services, I"
JBL,"Jabil Circuit, Inc. Common Stoc"
JBLU,JetBlue Airways Corporation
JBSS,"John B. Sanfilippo & Son, Inc."
JBT,John Bean Technologies Corporat
JCI,Johnson Controls International
JCOM,"j2 Global, Inc."
JCP,"J.C. Penney Company, Inc. Holdi"
JEC,Jacobs Engineering Group Inc. C
JGW,J.G. Wentworth Company (The) Cl
JIVE,"Jive Software, Inc."
JJSF,J & J Snack Foods Corp.
JKHY,"Jack Henry & Associates, Inc."
JLL,Jones Lang LaSalle Incorporated
JMBA,"Jamba, Inc."
JNJ,Johnson & Johnson Common Stock
JNPR,"Juniper Networks, Inc. Common S"
JNS,"Janus Capital Group, Inc. Cmn S"
JOE,St. Joe Company (The) Common St
JONE,"Jones Energy, Inc. Class A Comm"
JOUT,Johnson Outdoors Inc.
JOY,Joy Global Inc.
JPM,JP Morgan Chase & Co. Common St
JWN,"Nordstrom, Inc. Common Stock"
K,Kellogg Company Common Stock
KAI,Kadant Inc Common Stock
KALU,Kaiser Aluminum Corporation
KAMN,Kaman Corporation Common Stock
KAR,"KAR Auction Services, Inc Commo"
KBH,KB Home Common Stock
KBR,"KBR, Inc. Common Stock"
KCG,"KCG Holdings, Inc. Class A Comm"
KCLI,KANSAS CITY LIFE COM USD1.25
KEG,"Key Energy Services, Inc. Commo"
KELYA,"Kelly Services, Inc."
KEM,Kemet Corporation New Common St
KERX,"Keryx Biopharmaceuticals, Inc."
KEX,Kirby Corporation Common Stock
KEY,KeyCorp Common Stock
KEYW,The KEYW Holding Corporation
KFRC,"Kforce, Inc."
KFX,Kofax Limited
KFY,Korn/Ferry International Common
KIM,Kimco Realty Corporation Common
KIN,"Kindred Biosciences, Inc."
KIRK,"Kirkland's, Inc."
KKD,"Krispy Kreme Doughnuts, Inc."
KLAC,KLA-Tencor Corporation
KMB,Kimberly-Clark Corporation Comm
KMG,"KMG Chemicals, Inc. Common Stoc"
KMI,"Kinder Morgan, Inc. Common Stoc"
KMPR,Kemper Corporation
KMT,Kennametal Inc. Common Stock
KMX,CarMax Inc
KND,"Kindred Healthcare, Inc. Common"
KNL,"Knoll, Inc. Common Stock"
KNX,"Knight Transportation, Inc. Com"
KO,Coca-Cola Company (The) Common
KODK,Eastman Kodak Company Common Ne
KOP,Koppers Holdings Inc. Koppers H
KOPN,Kopin Corporation
KORS,Michael Kors Holdings Limited O
KOS,Kosmos Energy Ltd. Common Share
KPTI,Karyopharm Therapeutics Inc.
KR,Kroger Company (The) Common Sto
KRA,Kraton Corporation Common Stock
KRC,Kilroy Realty Corporation Commo
KRG,Kite Realty Group Trust Common
KRNY,Kearny Financial
KRO,Kronos Worldwide Inc Common Sto
KS,KapStone Paper and Packaging Co
KSS,Kohl's Corporation Common Stock
KSU,Kansas City Southern Common Sto
KTOS,Kratos Defense & Security Solut
KTWO,"K2M Group Holdings, Inc."
KVHI,"KVH Industries, Inc."
KW,Kennedy-Wilson Holdings Inc. Co
KWR,Quaker Chemical Corporation Com
KYTH,"Kythera Biopharmaceuticals, Inc"
L,Loews Corporation
LABL,Multi-Color Corporation
LAD,"Lithia Motors, Inc. Common Stoc"
LADR,Ladder Capital Corp Class A Com
LAMR,Lamar Advertising Company
LANC,Lancaster Colony Corporation
LAYN,Layne Christensen Company
LAZ,"Lazard LTD. Lazard, LTD. Class"
LB,"L Brands, Inc."
LBAI,"Lakeland Bancorp, Inc."
LBMH,"Liberator Medical Holdings, Inc"
LBTYA,Liberty Global plc
LBY,"Libbey, Inc. Common Stock"
LCI,Lannett Co Inc Common Stock
LCNB,LCNB Corporation
LCUT,"Lifetime Brands, Inc."
LDL,"Lydall, Inc. Common Stock"
LDOS,"Leidos Holdings, Inc. Common St"
LDR,"Landauer, Inc. Common Stock"
LDRH,LDR Holding Corporation
LE,"Lands' End, Inc."
LEA,Lear Corporation Common Stock
LECO,"Lincoln Electric Holdings, Inc."
LEE,"Lee Enterprises, Incorporated C"
LEG,"Leggett & Platt, Incorporated C"
LEN,Lennar Corporation Class A Comm
LF,Leapfrog Enterprises Inc
LFUS,"Littelfuse, Inc."
LFVN,Lifevantage Corporation
LG,SPIRE INC
LGF,Lions Gate Entertainment Corpor
LGIH,"LGI Homes, Inc."
LGND,Ligand Pharmaceuticals Incorpor
LH,Laboratory Corporation of Ameri
LHCG,LHC Group
LHO,LaSalle Hotel Properties Common
LII,"Lennox International, Inc. Comm"
LINC,Lincoln Educational Services Co
LION,Fidelity Southern Corporation
LIOX,"Lionbridge Technologies, Inc."
LKFN,Lakeland Financial Corporation
LKQ,LKQ Corporation
LL,"Lumber Liquidators Holdings, In"
LLEN,L&L ENERGY CMN
LLL,"L3 Technologies, Inc. Common St"
LLNW,"Limelight Networks, Inc."
LLTC,Linear Technology Corporation
LLY,Eli Lilly and Company Common St
LM,"Legg Mason, Inc. Common Stock"
LMCA,Liberty Media Corporation - Ser
LMIA,"LMI Aerospace, Inc."
LMNR,Limoneira Co
LMNX,Luminex Corporation
LMOS,Lumos Networks Corp.
LMT,Lockheed Martin Corporation Com
LNC,Lincoln National Corporation Co
LNCE,"Snyder's-Lance, Inc."
LNDC,Landec Corporation
LNG,"Cheniere Energy, Inc. Common St"
LNN,Lindsay Corporation Common Stoc
LNT,Alliant Energy Corporation Comm
LOCK,"LifeLock, Inc."
LOPE,"Grand Canyon Education, Inc."
LORL,"Loral Space and Communications,"
LOV,"Spark Networks, Inc. Common Sto"
LOW,"Lowe's Companies, Inc. Common S"
LPG,Dorian LPG Ltd. Common Stock
LPI,"Laredo Petroleum, Inc. Common S"
LPLA,LPL Financial Holdings Inc.
LPNT,"LifePoint Health, Inc."
LPSN,"LivePerson, Inc."
LPX,Louisiana-Pacific Corporation C
LQ,La Quinta Holdings Inc. Common
LQDT,"Liquidity Services, Inc."
LRCX,Lam Research Corporation
LRN,K12 Inc Common Stock
LSCC,Lattice Semiconductor Corporati
LSTR,"Landstar System, Inc."
LTC,"LTC Properties, Inc. Common Sto"
LTS,Ladenburg Thalmann Financial Se
LUB,"Luby's, Inc. Common Stock"
LUK,Leucadia National Corporation C
LUV,Southwest Airlines Company Comm
LVLT,"Level 3 Communications, Inc. Co"
LVNTA,Liberty Interactive Corporation
LVS,Las Vegas Sands Corp. Common St
LWAY,"Lifeway Foods, Inc."
LXFT,"Luxoft Holding, Inc. Class A Or"
LXK,"Lexmark International, Inc."
LXP,Lexington Realty Trust Common S
LXRX,"Lexicon Pharmaceuticals, Inc."
LXU,"LSB Industries, Inc. Common Sto"
LYB,LyondellBasell Industries NV Or
LYTS,LSI Industries Inc.
LYV,"Live Nation Entertainment, Inc."
LZB,La-Z-Boy Incorporated Common St
M,Macy's Inc Common Stock
MA,Mastercard Incorporated Common
MAC,Macerich Company (The) Common S
MACK,"Merrimack Pharmaceuticals, Inc."
MAIN,Main Street Capital Corporation
MAN,ManpowerGroup Common Stock
MANH,"Manhattan Associates, Inc."
MANT,ManTech International Corporati
MAR,Marriott International
MAS,Masco Corporation Common Stock
MASI,Masimo Corporation
MAT,"Mattel, Inc."
MATW,Matthews International Corporat
MATX,"Matson, Inc. Common Stock"
MBFI,MB Financial Inc.
MBI,MBIA Inc. Common Stock
MBII,"Marrone Bio Innovations, Inc."
MBRG,Middleburg Financial Corporatio
MBUU,"Malibu Boats, Inc."
MBVT,"Merchants Bancshares, Inc."
MBWM,Mercantile Bank Corporation
MC,Moelis & Company Class A Common
MCBC,Macatawa Bank Corporation
MCC,Medley Capital Corporation Comm
MCD,McDonald's Corporation Common S
MCF,Contango Oil & Gas Company Comm
MCGC,MCG Capital Corporation
MCHP,Microchip Technology Incorporat
MCHX,"Marchex, Inc."
MCK,McKesson Corporation Common Sto
MCO,Moody's Corporation Common Stoc
MCRI,"Monarch Casino & Resort, Inc."
MCRL,"Micrel, Incorporated"
MCS,Marcus Corporation (The) Common
MCY,Mercury General Corporation Com
MD,"Mednax, Inc. Common Stock"
MDAS,"MedAssets, Inc."
MDC,"M.D.C. Holdings, Inc. Common St"
MDCA,MDC Partners Inc.
MDCO,The Medicines Company
MDLZ,"Mondelez International, Inc."
MDP,Meredith Corporation Common Sto
MDR,"McDermott International, Inc. C"
MDRX,Allscripts Healthcare Solutions
MDSO,"Medidata Solutions, Inc."
MDT,Medtronic plc. Ordinary Shares
MDU,"MDU Resources Group, Inc. Commo"
MDVN,"Medivation, Inc."
MDW,Midway Gold Corporation Ordinar
MDXG,"MiMedx Group, Inc"
MED,MEDIFAST INC Common Stock
MEG,"Media General, Inc."
MEI,"Methode Electronics, Inc. Commo"
MEIP,"MEI Pharma, Inc."
MENT,Mentor Graphics Corporation
MET,"MetLife, Inc. Common Stock"
METR,"Metro Bancorp, Inc"
MFA,"MFA Financial, Inc."
MFLX,"Multi-Fineline Electronix, Inc."
MFRM,Mattress Firm Holding Corp.
MG,Mistras Group Inc Common Stock
MGEE,MGE Energy Inc.
MGI,"Moneygram International, Inc."
MGLN,"Magellan Health, Inc."
MGM,MGM Resorts International Commo
MGNX,"MacroGenics, Inc."
MGRC,McGrath RentCorp
MHFI,"McGraw Hill Financial, Inc."
MHGC,Morgans Hotel Group Co.
MHK,"Mohawk Industries, Inc. Common"
MHLD,"Maiden Holdings, Ltd."
MHO,"M/I Homes, Inc. Common Stock"
MIDD,The Middleby Corporation
MIG,"Meadowbrook Insurance Group, In"
MIND,"Mitcham Industries, Inc."
MINI,"Mobile Mini, Inc."
MITK,"Mitek Systems, Inc."
MITT,"AG Mortgage Investment Trust, I"
MJN,Mead Johnson Nutrition Company
MKC,"McCormick & Company, Incorporat"
MKL,Markel Corporation Common Stock
MKSI,"MKS Instruments, Inc."
MKTO,"Marketo, Inc."
MKTX,"MarketAxess Holdings, Inc."
MLAB,"Mesa Laboratories, Inc."
MLHR,"Herman Miller, Inc."
MLI,"Mueller Industries, Inc. Common"
MLM,"Martin Marietta Materials, Inc."
MLNK,"ModusLink Global Solutions, Inc"
MLR,"Miller Industries, Inc. Common"
MMC,"Marsh & McLennan Companies, Inc"
MMI,"Marcus & Millichap, Inc. Common"
MMM,3M Company Common Stock
MMS,"Maximus, Inc. Common Stock"
MMSI,"Merit Medical Systems, Inc."
MN,"Manning & Napier, Inc. Class A"
MNI,McClatchy Company (The) Common
MNK,Mallinckrodt plc Ordinary Share
MNKD,MannKind Corporation
MNR,Monmouth Real Estate Investment
MNRO,"Monro Muffler Brake, Inc."
MNST,Monster Beverage Corporation
MNTA,"Momenta Pharmaceuticals, Inc."
MNTX,"Manitex International, Inc."
MO,"Altria Group, Inc."
MOD,Modine Manufacturing Company Co
MODN,"Model N, Inc. Common Stock"
MOFG,"MidWestOne Financial Group, Inc"
MOH,Molina Healthcare Inc Common St
MON,Monsanto Company Common Stock
MORN,"Morningstar, Inc."
MOS,Mosaic Company (The) Common Sto
MOSY,"MoSys, Inc."
MOV,Movado Group Inc. Common Stock
MPAA,"Motorcar Parts of America, Inc."
MPC,Marathon Petroleum Corporation
MPO,"MIDSTATES PETROLEUM COMPANY, IN"
MPW,"Medical Properties Trust, Inc."
MPWR,"Monolithic Power Systems, Inc."
MPX,Marine Products Corporation Com
MRC,MRC Global Inc. Common Stock
MRCY,Mercury Systems Inc
MRGE,MIRAGE ENERGY CORP COM USD0.001
MRIN,Marin Software Incorporated Com
MRK,"Merck & Company, Inc. Common St"
MRLN,Marlin Business Services Corp.
MRO,Marathon Oil Corporation Common
MRTN,"Marten Transport, Ltd."
MRTX,"Mirati Therapeutics, Inc."
MRVL,Marvell Technology Group Ltd.
MS,Morgan Stanley Common Stock
MSA,MSA Safety Incorporated Common
MSCC,Microsemi Corporation
MSCI,MSCI Inc Common Stock
MSEX,Middlesex Water Company
MSFG,"MainSource Financial Group, Inc"
MSFT,Microsoft Corporation
MSG,The Madison Square Garden Compa
MSI,"Motorola Solutions, Inc. Common"
MSL,MidSouth Bancorp Common Stock
MSM,"MSC Industrial Direct Company,"
MSTR,MicroStrategy Incorporated
MTB,M&T Bank Corporation Common Sto
MTD,"Mettler-Toledo International, I"
MTDR,Matador Resources Company Commo
MTG,MGIC Investment Corporation Com
MTGE,MTGE Investment Corp.
MTH,Meritage Homes Corporation Comm
MTN,"Vail Resorts, Inc. Common Stock"
MTOR,"Meritor, Inc. Common Stock"
MTRN,Materion Corporation
MTRX,Matrix Service Company
MTSC,MTS Systems Corporation
MTSI,MACOM Technology Solutions Hold
MTW,"Manitowoc Company, Inc. (The) C"
MTX,Minerals Technologies Inc. Comm
MTZ,"MasTec, Inc. Common Stock"
MU,"Micron Technology, Inc."
MUR,Murphy Oil Corporation Common S
MUSA,Murphy USA Inc. Common Stock
MVC,"MVC Capital, Inc. Common Stock"
MVNR,"Mavenir Systems, Inc."
MWA,MUELLER WATER PRODUCTS Common S
MWV,Meadwestvaco Corporation Common
MWW,"Monster Worldwide, Inc."
MXIM,"Maxim Integrated Products, Inc."
MXL,"MaxLinear, Inc. Common Stock"
MXWL,"Maxwell Technologies, Inc."
MYCC,"ClubCorp Holdings, Inc. Common"
MYE,"Myers Industries, Inc. Common S"
MYGN,"Myriad Genetics, Inc."
MYL,Mylan N.V.
MYRG,"MYR Group, Inc."
N,Netsuite Inc
NADL,North Atlantic Drilling Ltd. Co
NANO,Nanometrics Incorporated
NASB,NASB FINANCIAL INC
NAT,Nordic American Tankers Limited
NATH,"Nathan's Famous, Inc."
NATI,National Instruments Corporatio
NATL,National Interstate Corporation
NATR,"Nature's Sunshine Products, Inc"
NAV,Navistar International Corporat
NAVB,"Navidea Biopharmaceuticals, Inc"
NAVG,"The Navigators Group, Inc."
NAVI,Navient Corporation
NBBC,NewBridge Bancorp
NBHC,National Bank Holdings Corporat
NBIX,"Neurocrine Biosciences, Inc."
NBL,Noble Energy Inc. Common Stock
NBR,Nabors Industries Ltd.
NBS,"Neostem, Inc."
NBTB,NBT Bancorp Inc.
NC,"NACCO Industries, Inc. Common S"
NCI,"Navigant Consulting, Inc. Commo"
NCLH,Norwegian Cruise Line Holdings
NCMI,"National CineMedia, Inc."
NCR,NCR Corporation Common Stock
NCS,"NCI Building Systems, Inc. New"
NDAQ,"Nasdaq, Inc."
NDLS,Noodles & Company
NDSN,Nordson Corporation
NE,Noble Corporation Ordinary Shar
NEE,"NextEra Energy, Inc. Common Sto"
NEM,Newmont Mining Corporation
NEO,"NeoGenomics, Inc."
NEOG,Neogen Corporation
NEON,Neonode Inc.
NETE,"Net Element, Inc."
NEU,NewMarket Corp Common Stock
NEWM,New Media Investment Group Inc.
NEWP,Newport Corporation
NEWS,"NewStar Financial, Inc."
NFBK,"Northfield Bancorp, Inc."
NFG,National Fuel Gas Company Commo
NFLX,"Netflix, Inc."
NFX,Newfield Exploration Company Co
NGHC,National General Holdings Corp
NGS,"Natural Gas Services Group, Inc"
NGVC,Natural Grocers by Vitamin Cott
NHC,National HealthCare Corporation
NHI,"National Health Investors, Inc."
NI,NiSource Inc Common Stock
NICK,"Nicholas Financial, Inc."
NILE,"Blue Nile, Inc."
NJR,NewJersey Resources Corporation
NKE,"Nike, Inc. Common Stock"
NKSH,"National Bankshares, Inc."
NKTR,Nektar Therapeutics
NL,"NL Industries, Inc. Common Stoc"
NLNK,NewLink Genetics Corporation
NLS,"Nautilus, Inc. Common Stock"
NLSN,Nielsen N.V. Ordinary Shares
NLY,Annaly Capital Management Inc C
NM,Navios Maritime Holdings Inc. C
NMBL,"Nimble Storage, Inc."
NMFC,New Mountain Finance Corporatio
NMIH,NMI Holdings Inc
NMRX,Numerex Corp.
NNA,Navios Maritime Acquisition Cor
NNBR,"NN, Inc."
NNI,"Nelnet, Inc. Common Stock"
NNVC,"NanoViricides, Inc. NEW Common"
NOC,Northrop Grumman Corporation Co
NOG,"Northern Oil and Gas, Inc. Comm"
NOV,"National Oilwell Varco, Inc. Co"
NOW,"ServiceNow, Inc. Common Stock"
NP,"Neenah Paper, Inc. Common Stock"
NPBC,"National Penn Bancshares, Inc."
NPK,"National Presto Industries, Inc"
NPO,EnPro Industries Inc
NPTN,NeoPhotonics Corporation Common
NR,"Newpark Resources, Inc. Common"
NRCIA,National Research Corporation
NRG,"NRG Energy, Inc. Common Stock"
NRIM,Northrim BanCorp Inc
NRZ,New Residential Investment Corp
NSC,Norfolk Southern Corporation Co
NSIT,"Insight Enterprises, Inc."
NSM,Nationstar Mortgage Holdings In
NSP,"Insperity, Inc. Common Stock"
NSPH,"Nanosphere, Inc."
NSR,"Neustar, Inc. Neustar, Inc. Cla"
NSTG,"NanoString Technologies, Inc."
NTAP,"NetApp, Inc."
NTCT,"NetScout Systems, Inc."
NTGR,"NETGEAR, Inc."
NTK,Nortek Inc.
NTLS,NTELOS Holdings Corp.
NTRI,NutriSystem Inc
NTRS,Northern Trust Corporation
NUAN,"Nuance Communications, Inc."
NUE,Nucor Corporation Common Stock
NUS,"Nu Skin Enterprises, Inc. Commo"
NUTR,Nutraceutical International Cor
NUVA,"NuVasive, Inc."
NVAX,"Novavax, Inc."
NVDA,NVIDIA Corporation
NVEC,NVE Corporation
NVR,"NVR, Inc. Common Stock"
NWBI,"Northwest Bancshares, Inc."
NWBO,NORTHWEST BIOTHERA COM USD0.001
NWE,NorthWestern Corporation Common
NWHM,New Home Company Inc. (The) Com
NWL,Newell Brands Inc. Common Stock
NWLI,"National Western Life Group, In"
NWN,Northwest Natural Gas Company C
NWPX,Northwest Pipe Company
NWS,News Corporation
NWSA,News Corporation
NWY,"New York & Company, Inc. New Yo"
NX,Quanex Building Products Corpor
NXST,"Nexstar Media Group, Inc."
NXTM,"NxStage Medical, Inc."
NYCB,"New York Community Bancorp, Inc"
NYLD,"NRG Yield, Inc. Class C Common"
NYMT,"New York Mortgage Trust, Inc."
NYNY,"Empire Resorts, Inc."
NYRT,"New York REIT, Inc. Common Stoc"
NYT,New York Times Company (The) Co
O,Realty Income Corporation Commo
OAS,Oasis Petroleum Inc. Common Sto
OB,"OneBeacon Insurance Group, Ltd."
OC,Owens Corning Inc Common Stock
OCFC,OceanFirst Financial Corp.
OCLR,"Oclaro, Inc."
OCN,Ocwen Financial Corporation NEW
ODC,Oil-Dri Corporation Of America
ODFL,"Old Dominion Freight Line, Inc."
ODP,"Office Depot, Inc."
OFC,Corporate Office Properties Tru
OFG,OFG Bancorp Common Stock
OFIX,Orthofix International N.V.
OFLX,"Omega Flex, Inc."
OGE,OGE Energy Corporation Common S
OGS,"ONE Gas, Inc. Common Stock"
OGXI,OncoGenex Pharmaceuticals Inc.
OHI,"Omega Healthcare Investors, Inc"
OHRP,"Ohr Pharmaceuticals, Inc."
OI,"Owens-Illinois, Inc. Common Sto"
OII,"Oceaneering International, Inc."
OIS,"Oil States International, Inc."
OKE,"ONEOK, Inc. Common Stock"
OKSB,"Southwest Bancorp, Inc."
OLBK,"Old Line Bancshares, Inc."
OLED,Universal Display Corporation
OLN,Olin Corporation Common Stock
OLP,"One Liberty Properties, Inc. Co"
OMC,Omnicom Group Inc. Common Stock
OMCL,"Omnicell, Inc."
OME,Omega Protein Corporation Commo
OMED,"OncoMed Pharmaceuticals, Inc."
OMER,Omeros Corporation
OMEX,"Odyssey Marine Exploration, Inc"
OMI,"Owens & Minor, Inc. Common Stoc"
OMN,OMNOVA Solutions Inc. Common St
ONB,Old National Bancorp
ONE,"Higher One Holdings, Inc."
ONTY,Oncothyreon Inc.
ONVO,"Organovo Holdings, Inc."
OPB,Opus Bank
OPHT,Ophthotech Corporation
OPK,"Opko Health, Inc."
OPWR,"Opower, Inc."
OPY,"Oppenheimer Holdings, Inc. Clas"
ORA,"Ormat Technologies, Inc. Common"
ORBC,ORBCOMM Inc.
ORCL,Oracle Corporation Common Stock
OREX,"Orexigen Therapeutics, Inc."
ORI,Old Republic International Corp
ORIT,Oritani Financial Corp.
ORLY,"O'Reilly Automotive, Inc."
ORM,"Owens Realty Mortgage, Inc. Com"
ORN,"Orion Group Holdings, Inc. Comm"
OSIR,OSIRIS THERAPE INC COM STK USD0
OSIS,"OSI Systems, Inc."
OSK,Oshkosh Corporation (Holding Co
OSTK,"Overstock.com, Inc."
OSUR,"OraSure Technologies, Inc."
OTTR,Otter Tail Corporation
OUTR,Outerwall Inc.
OVAS,OvaScience Inc.
OVTI,"OmniVision Technologies, Inc."
OXFD,Oxford Immunotec Global PLC
OXM,"Oxford Industries, Inc. Common"
OXY,Occidental Petroleum Corporatio
OZRK,Bank of the Ozarks
P,"Pandora Media, Inc. Common Stoc"
PACB,Pacific Biosciences of Californ
PACW,PacWest Bancorp
PAG,"Penske Automotive Group, Inc. C"
PAHC,Phibro Animal Health Corporatio
PANW,"Palo Alto Networks, Inc. Common"
PATK,"Patrick Industries, Inc."
PAY,"Verifone Systems, Inc. Common S"
PAYC,"Paycom Software, Inc. Common St"
PAYX,"Paychex, Inc."
PB,"Prosperity Bancshares, Inc. Com"
PBCT,"People's United Financial, Inc."
PBF,PBF Energy Inc. Class A Common
PBH,"Prestige Brand Holdings, Inc. C"
PBI,Pitney Bowes Inc. Common Stock
PBPB,Potbelly Corporation
PBYI,Puma Biotechnology Inc
PCAR,PACCAR Inc.
PCBK,Pacific Continental Corporation
PCCC,"PC Connection, Inc."
PCG,Pacific Gas & Electric Co. Comm
PCH,Potlatch Corporation
PCLN,The Priceline Group Inc.
PCO,Pendrell Corporation
PCRX,"Pacira Pharmaceuticals, Inc."
PCTI,"PC-Tel, Inc."
PCTY,Paylocity Holding Corporation
PCYC,"Pharmacyclics, Inc."
PCYG,"Park City Group, Inc."
PCYO,Pure Cycle Corporation
PDCE,"PDC Energy, Inc."
PDCO,"Patterson Companies, Inc."
PDFS,"PDF Solutions, Inc."
PDLI,"PDL BioPharma, Inc."
PDM,"Piedmont Office Realty Trust, I"
PE,"Parsley Energy, Inc. Class A Co"
PEB,Pebblebrook Hotel Trust Common
PEBO,Peoples Bancorp Inc.
PEG,Public Service Enterprise Group
PEGA,Pegasystems Inc.
PEGI,Pattern Energy Group Inc.
PEI,Pennsylvania Real Estate Invest
PEIX,"Pacific Ethanol, Inc."
PENN,"Penn National Gaming, Inc."
PEP,"Pepsico, Inc. Common Stock"
PERI,Perion Network Ltd
PERY,Perry Ellis International Inc.
PES,Pioneer Energy Services Corp. C
PETS,"PetMed Express, Inc."
PETX,"Aratana Therapeutics, Inc."
PF,"Pinnacle Foods, Inc. Common Sto"
PFBC,Preferred Bank
PFE,"Pfizer, Inc. Common Stock"
PFG,Principal Financial Group Inc C
PFIE,"Profire Energy, Inc."
PFIS,Peoples Financial Services Corp
PFLT,PennantPark Floating Rate Capit
PFMT,Performant Financial Corporatio
PFPT,"Proofpoint, Inc."
PFS,"Provident Financial Services, I"
PFSI,"PennyMac Financial Services, In"
PG,Procter & Gamble Company (The)
PGEM,"Ply Gem Holdings, Inc. Common S"
PGNX,Progenics Pharmaceuticals Inc.
PGR,Progressive Corporation (The) C
PGTI,"PGT Innovations, Inc."
PH,Parker-Hannifin Corporation Com
PHH,PHH Corp Common Stock
PHIIK,"PHI, Inc."
PHM,"PulteGroup, Inc. Common Stock"
PHMD,"PhotoMedex, Inc."
PHX,Panhandle Oil and Gas Inc Commo
PICO,PICO Holdings Inc.
PII,Polaris Industries Inc. Common
PIR,"Pier 1 Imports, Inc. Common Sto"
PJC,Piper Jaffray Companies Common
PKD,Parker Drilling Company Common
PKE,Park Electrochemical Corporatio
PKG,Packaging Corporation of Americ
PKI,"PerkinElmer, Inc. Common Stock"
PKOH,Park-Ohio Holdings Corp.
PKT,"Procera Networks, Inc."
PKY,"Parkway, Inc. Common Stock"
PLAB,"Photronics, Inc."
PLCE,"Children's Place, Inc. (The)"
PLCM,"Polycom, Inc."
PLD,"ProLogis, Inc. Common Stock"
PLKI,"Popeyes Louisiana Kitchen, Inc."
PLMT,"Palmetto Bancshares, Inc. (SC)"
PLOW,"Douglas Dynamics, Inc. Common S"
PLPC,Preformed Line Products Company
PLPM,"Planet Payment, Inc."
PLT,"Plantronics, Inc. Common Stock"
PLUG,"Plug Power, Inc."
PLUS,ePlus inc.
PLXS,Plexus Corp.
PM,Philip Morris International Inc
PMC,Pharmerica Corporation Common S
PMCS,PMC
PMFG,"PMFG, Inc."
PMT,PennyMac Mortgage Investment Tr
PNC,"PNC Financial Services Group, I"
PNFP,"Pinnacle Financial Partners, In"
PNK,"Pinnacle Entertainment, Inc."
PNM,"PNM Resources, Inc. (Holding Co"
PNNT,PennantPark Investment Corporat
PNR,Pentair plc. Ordinary Share
PNRA,Panera Bread Company
PNW,Pinnacle West Capital Corporati
PNX,"Phoenix Companies, Inc. (The)"
PNY,"Piedmont Natural Gas Company, I"
PODD,Insulet Corporation
POL,PolyOne Corporation Common Stoc
POOL,Pool Corporation
POR,Portland General Electric Co Co
POST,"Post Holdings, Inc. Common Stoc"
POWI,"Power Integrations, Inc."
POWL,"Powell Industries, Inc."
POWR,"PowerSecure International, Inc."
POZN,"Pozen, Inc."
PPBI,Pacific Premier Bancorp Inc
PPC,Pilgrim's Pride Corporation
PPG,"PPG Industries, Inc. Common Sto"
PPHM,Peregrine Pharmaceuticals Inc.
PPL,PPL Corporation Common Stock
PPS,"Post Properties, Inc."
PQ,Petroquest Energy Inc Common St
PRA,ProAssurance Corporation Common
PRAA,"PRA Group, Inc."
PRFT,"Perficient, Inc."
PRGO,Perrigo Company plc Ordinary Sh
PRGS,Progress Software Corporation
PRGX,"PRGX Global, Inc."
PRI,"Primerica, Inc. Common Stock"
PRIM,Primoris Services Corporation
PRK,Park National Corporation Commo
PRKR,"ParkerVision, Inc."
PRLB,"Proto Labs, Inc. Common stock"
PRO,"PROS Holdings, Inc. Common Stoc"
PROV,"Provident Financial Holdings, I"
PRSC,The Providence Service Corporat
PRTA,Prothena Corporation plc
PRU,"Prudential Financial, Inc. Comm"
PRXL,PAREXEL International Corporati
PSA,Public Storage Common Stock
PSB,"PS Business Parks, Inc. Common"
PSEC,Prospect Capital Corporation
PSEM,Pericom Semiconductor Corporati
PSIX,"Power Solutions International,"
PSMT,"PriceSmart, Inc."
PSTB,Park Sterling Corporation
PSUN,"Pacific Sunwear of California,"
PSX,Phillips 66 Common Stock
PTCT,"PTC Therapeutics, Inc."
PTEN,"Patterson-UTI Energy, Inc."
PTIE,Pain Therapeutics
PTLA,"Portola Pharmaceuticals, Inc."
PTSI,"P.A.M. Transportation Services,"
PTX,"Pernix Therapeutics Holdings, I"
PVH,PVH Corp. Common Stock
PVTB,"PrivateBancorp, Inc."
PWOD,"Penns Woods Bancorp, Inc."
PWR,"Quanta Services, Inc. Common St"
PX,"Praxair, Inc. Common Stock"
PXD,Pioneer Natural Resources Compa
PZG,Paramount Gold Nevada Corp. Com
PZN,Pzena Investment Management Inc
PZZA,"Papa John's International, Inc."
Q,"Quintiles IMS Holdings, Inc. Co"
QADA,QAD Inc.
QCOM,QUALCOMM Incorporated
QDEL,Quidel Corporation
QEP,"QEP Resources, Inc. Common Stoc"
QGEN,Qiagen N.V.
QLGC,QLogic Corporation
QLIK,Qlik Technologies Inc.
QLTY,"Quality Distribution, Inc."
QLYS,"Qualys, Inc."
QNST,"QuinStreet, Inc."
QRHC,Quest Resource Holding Corporat
QRVO,"Qorvo, Inc."
QSII,"Quality Systems, Inc."
QTM,Quantum Corporation Common Stoc
QTS,"QTS Realty Trust, Inc. Class A"
QTWO,"Q2 Holdings, Inc. Common Stock"
QUAD,"Quad Graphics, Inc Class A Comm"
QUIK,QuickLogic Corporation
R,"Ryder System, Inc. Common Stock"
RAD,Rite Aid Corporation Common Sto
RAI,Reynolds American Inc Common St
RAIL,"Freightcar America, Inc."
RALY,Rally Software Development Corp
RARE,Ultragenyx Pharmaceutical Inc.
RAS,RAIT Financial Trust New Common
RATE,"Bankrate, Inc. Common Stock"
RAVN,"Raven Industries, Inc."
RAX,"Rackspace Hosting, Inc"
RBC,Regal Beloit Corporation Common
RBCAA,"Republic Bancorp, Inc."
RBCN,"Rubicon Technology, Inc."
RCII,Rent-A-Center Inc.
RCL,Royal Caribbean Cruises Ltd. Co
RCPT,"Receptos, Inc."
RDEN,"Elizabeth Arden, Inc."
RDI,Reading International Inc
RDN,Radian Group Inc. Common Stock
RDNT,"RadNet, Inc."
RE,"Everest Re Group, Ltd. Common S"
RECN,"Resources Connection, Inc."
REG,Regency Centers Corporation Com
REGI,"Renewable Energy Group, Inc."
REGN,"Regeneron Pharmaceuticals, Inc."
REI,"Ring Energy, Inc. Common Stock"
REIS,"Reis, Inc"
RELL,"Richardson Electronics, Ltd."
REMY,"Remy International, Inc."
REN,Resolute Energy Corporation Com
RENT,Rentrak Corporation
RES,"RPC, Inc. Common Stock"
RESI,Altisource Residential Corporat
REV,"Revlon, Inc. New Common Stock"
REX,REX American Resources Corporat
REXI,"Resource America, Inc."
REXR,"Rexford Industrial Realty, Inc."
REXX,Rex Energy Corporation
RF,Regions Financial Corporation C
RFP,Resolute Forest Products Inc. C
RGA,"Reinsurance Group of America, I"
RGC,Regal Entertainment Group Class
RGEN,Repligen Corporation
RGLD,"Royal Gold, Inc."
RGLS,Regulus Therapeutics Inc.
RGR,"Sturm, Ruger & Company, Inc. Co"
RGS,Regis Corporation Common Stock
RH,RH Common Stock
RHI,Robert Half International Inc.
RHP,"Ryman Hospitality Properties, I"
RHT,"Red Hat, Inc. Common Stock"
RIG,Transocean Ltd (Switzerland) Co
RIGL,"Rigel Pharmaceuticals, Inc."
RJET,"Republic Airways Holdings, Inc."
RJF,"Raymond James Financial, Inc. C"
RKT,Rock-Tenn Company Common Stock
RKUS,"Ruckus Wireless, Inc."
RL,Ralph Lauren Corporation Common
RLGY,Realogy Holdings Corp. Common S
RLI,RLI Corp. Common Stock
RLJ,RLJ Lodging Trust Common Shares
RLOC,"ReachLocal, Inc."
RLYP,"Relypsa, Inc."
RM,Regional Management Corp. Commo
RMAX,"RE/MAX Holdings, Inc. Class A C"
RMBS,"Rambus, Inc."
RMD,ResMed Inc. Common Stock
RMTI,"Rockwell Medical, Inc."
RNET,"RigNet, Inc."
RNG,"Ringcentral, Inc. Class A Commo"
RNR,RenaissanceRe Holdings Ltd. Com
RNST,Renasant Corporation
RNWK,"RealNetworks, Inc."
ROCK,"Gibraltar Industries, Inc."
ROG,Rogers Corporation Common Stock
ROIAK,"Radio One, Inc."
ROIC,Retail Opportunity Investments
ROK,"Rockwell Automation, Inc. Commo"
ROL,"Rollins, Inc. Common Stock"
ROLL,RBC Bearings Incorporated
ROP,"Roper Technologies, Inc. Common"
ROSE,Rosetta Resources Inc.
ROST,"Ross Stores, Inc."
ROVI,TIVO CORP
RP,"RealPage, Inc."
RPAI,"Retail Properties of America, I"
RPM,RPM International Inc. Common S
RPRX,Repros Therapeutics Inc.
RPT,Ramco-Gershenson Properties Tru
RPTP,Raptor Pharmaceutical Corp.
RPXC,RPX Corporation
RRC,Range Resources Corporation Com
RRD,R.R. Donnelley & Sons Company C
RRGB,"Red Robin Gourmet Burgers, Inc."
RRTS,Roadrunner Transportation Syste
RS,Reliance Steel & Aluminum Co. C
RSE,"Rouse Properties, Inc."
RSG,"Republic Services, Inc. Common"
RSO,Resource Capital Corp. Resource
RSPP,"RSP Permian, Inc. Common Stock"
RST,"Rosetta Stone Rosetta Stone, In"
RSTI,"Rofin-Sinar Technologies, Inc."
RSYS,RadiSys Corporation
RT,"Ruby Tuesday, Inc. Common Stock"
RTEC,"Rudolph Technologies, Inc. Comm"
RTIX,"RTI Surgical, Inc."
RTK,"Rentech, Inc."
RTN,Raytheon Company Common Stock
RTRX,"Retrophin, Inc."
RUBI,"The Rubicon Project, Inc. Commo"
RUSHA,"Rush Enterprises, Inc."
RUTH,"Ruth's Hospitality Group, Inc."
RVLT,Revolution Lighting Technologie
RVNC,"Revance Therapeutics, Inc."
RWT,"Redwood Trust, Inc. Common Stoc"
RXN,Rexnord Corporation Common Stoc
RYN,Rayonier Inc. REIT Common Stock
S,Sprint Corporation Common Stock
SAAS,"inContact, Inc."
SAFM,"Sanderson Farms, Inc."
SAFT,"Safety Insurance Group, Inc."
SAH,"Sonic Automotive, Inc. Common S"
SAIA,"Saia, Inc."
SAIC,SCIENCE APPLICATIONS INTERNATIO
SALE,"RetailMeNot, Inc."
SALM,"Salem Media Group, Inc."
SALT,Scorpio Bulkers Inc. Common Sto
SAM,"Boston Beer Company, Inc. (The)"
SAMG,Silvercrest Asset Management Gr
SANM,Sanmina Corporation
SASR,"Sandy Spring Bancorp, Inc."
SATS,EchoStar Corporation
SAVE,"Spirit Airlines, Inc."
SB,"Safe Bulkers, Inc Common Stock"
SBAC,SBA Communications Corporation
SBCF,Seacoast Banking Corporation of
SBH,"Sally Beauty Holdings, Inc. (Na"
SBNY,Signature Bank
SBRA,"Sabra Healthcare REIT, Inc."
SBSI,"Southside Bancshares, Inc."
SBUX,Starbucks Corporation
SBY,Silver Bay Realty Trust Corp. C
SCAI,"Surgical Care Affiliates, Inc."
SCCO,Southern Copper Corporation Com
SCG,SCANA Corporation Common Stock
SCHL,Scholastic Corporation
SCHN,"Schnitzer Steel Industries, Inc"
SCHW,Charles Schwab Corporation (The
SCI,Service Corporation Internation
SCL,Stepan Company Common Stock
SCLN,"SciClone Pharmaceuticals, Inc."
SCM,Stellus Capital Investment Corp
SCMP,"Sucampo Pharmaceuticals, Inc."
SCOR,COMSCORE INC COM STK USD0.001
SCS,Steelcase Inc. Common Stock
SCSC,"ScanSource, Inc."
SCSS,Select Comfort Corporation
SCTY,SolarCity Corporation
SCVL,"Shoe Carnival, Inc."
SDRL,Seadrill Limited Ordinary Share
SE,Spectra Energy Corp
SEAC,"SeaChange International, Inc."
SEAS,"SeaWorld Entertainment, Inc. Co"
SEB,Seaboard Corporation Common Sto
SEE,Sealed Air Corporation Common S
SEIC,SEI Investments Company
SEM,Select Medical Holdings Corpora
SEMG,Semgroup Corporation Class A Co
SENEA,Seneca Foods Corp.
SF,Stifel Financial Corporation Co
SFBS,"ServisFirst Bancshares, Inc."
SFE,"Safeguard Scientifics, Inc. New"
SFL,Ship Finance International Limi
SFLY,"Shutterfly, Inc."
SFNC,Simmons First National Corporat
SFXE,"SFX Entertainment, Inc."
SGA,"Saga Communications, Inc. New C"
SGBK,Stonegate Bank
SGEN,"Seattle Genetics, Inc."
SGI,Silicon Graphics International
SGM,Stonegate Mortgage Corporation
SGMO,"Sangamo Therapeutics, Inc."
SGMS,Scientific Games Corp
SGNT,"Sagent Pharmaceuticals, Inc."
SGY,Stone Energy Corporation Common
SGYP,"Synergy Pharmaceuticals, Inc."
SHEN,Shenandoah Telecommunications C
SHLD,Sears Holdings Corporation
SHLM,"A. Schulman, Inc."
SHLO,"Shiloh Industries, Inc."
SHO,"Sunstone Hotel Investors, Inc."
SHOO,"Steven Madden, Ltd."
SHOS,Sears Hometown and Outlet Store
SHW,Sherwin-Williams Company (The)
SIAL,Sigma-Aldrich Corporation
SIF,"SIFCO Industries, Inc. Common S"
SIG,Signet Jewelers Limited Common
SIGA,SIGA TECHNOLOGIES COM USD0.0001
SIGI,"Selective Insurance Group, Inc."
SIR,Select Income REIT
SIRI,Sirius XM Holdings Inc.
SIRO,"Sirona Dental Systems, Inc."
SIVB,SVB Financial Group
SIX,Six Flags Entertainment Corpora
SJI,"South Jersey Industries, Inc. C"
SJM,J.M. Smucker Company (The) New
SJW,SJW Group Common Stock (DE)
SKT,"Tanger Factory Outlet Centers,"
SKUL,"Skullcandy, Inc."
SKX,"Skechers U.S.A., Inc. Common St"
SKYW,"SkyWest, Inc."
SLAB,"Silicon Laboratories, Inc."
SLB,Schlumberger N.V. Common Stock
SLCA,"U.S. Silica Holdings, Inc. Comm"
SLG,SL Green Realty Corporation Com
SLGN,Silgan Holdings Inc.
SLRC,Solar Capital Ltd.
SM,SM Energy Company Common Stock
SMCI,"Super Micro Computer, Inc."
SMG,Scotts Miracle-Gro Company (The
SMP,"Standard Motor Products, Inc. C"
SMRT,"Stein Mart, Inc."
SMTC,Semtech Corporation
SN,Sanchez Energy Corporation Comm
SNA,Snap-On Incorporated Common Sto
SNAK,"Inventure Foods, Inc."
SNBC,"Sun Bancorp, Inc."
SNCR,"Synchronoss Technologies, Inc."
SNDK,SanDisk Corporation
SNH,Senior Housing Properties Trust
SNHY,Sun Hydraulics Corporation
SNI,"Scripps Networks Interactive, I"
SNMX,"Senomyx, Inc."
SNOW,"Intrawest Resorts Holdings, Inc"
SNPS,"Synopsys, Inc."
SNSS,"Sunesis Pharmaceuticals, Inc."
SNTA,MADRIGAL PHARMACEUTICALS INC
SNV,Synovus Financial Corp. Common
SNX,Synnex Corporation Common Stock
SO,Southern Company (The) Common S
SON,Sonoco Products Company Common
SONC,Sonic Corp.
SONS,"Sonus Networks, Inc."
SP,SP Plus Corporation
SPA,Sparton Corporation Common Stoc
SPAR,"Spartan Motors, Inc."
SPB,"Spectrum Brands Holdings, Inc."
SPDC,SPEED COMM INC COM NPV (POST RE
SPG,"Simon Property Group, Inc. Comm"
SPLK,Splunk Inc.
SPLS,"Staples, Inc."
SPN,"Superior Energy Services, Inc."
SPNC,The Spectranetics Corporation
SPNS,Sapiens International Corporati
SPPI,"Spectrum Pharmaceuticals, Inc."
SPR,"Spirit Aerosystems Holdings, In"
SPRT,"Support.com, Inc."
SPSC,"SPS Commerce, Inc."
SPTN,SpartanNash Company
SPWH,"Sportsman's Warehouse Holdings,"
SPWR,SunPower Corporation
SQBG,"Sequential Brands Group, Inc."
SQBK,"Square 1 Financial, Inc."
SQI,"SciQuest, Inc."
SQNM,"Sequenom, Inc."
SRCE,1st Source Corporation
SRCL,"Stericycle, Inc."
SRDX,"Surmodics, Inc."
SRE,Sempra Energy Common Stock
SREV,"ServiceSource International, In"
SRI,"Stoneridge, Inc. Common Stock"
SRPT,"Sarepta Therapeutics, Inc."
SSD,"Simpson Manufacturing Company,"
SSI,"Stage Stores, Inc. Common Stock"
SSNC,"SS&C Technologies Holdings, Inc"
SSNI,"Silver Spring Networks, Inc. Co"
SSP,E.W. Scripps Company (The) Comm
SSS,"Sovran Self Storage, Inc."
SSTK,"Shutterstock, Inc. Common Stock"
SSYS,"Stratasys, Ltd."
STAA,STAAR Surgical Company
STAG,"Stag Industrial, Inc. Common St"
STAR,iStar Inc. Common Stock
STBA,"S&T Bancorp, Inc."
STBZ,State Bank Financial Corporatio
STC,Stewart Information Services Co
STCK,"BMC Stock Holdings, Inc."
STE,STERIS plc Ordinary Shares
STFC,State Auto Financial Corporatio
STI,"SunTrust Banks, Inc. Common Sto"
STJ,"St. Jude Medical, Inc."
STL,Sterling Bancorp
STLD,"Steel Dynamics, Inc."
STML,"Stemline Therapeutics, Inc."
STMP,Stamps.com Inc.
STNG,Scorpio Tankers Inc. Common Sha
STNR,Steiner Leisure Limited
STR,Questar Corporation
STRA,"Strayer Education, Inc."
STRL,Sterling Construction Company I
STRT,Strattec Security Corporation
STRZA,Starz - Series A
STT,State Street Corporation Common
STWD,"STARWOOD PROPERTY TRUST, INC. S"
STX,Seagate Technology PLC
STZ,"Constellation Brands, Inc. Comm"
SUBK,Suffolk Bancorp
SUI,"Sun Communities, Inc. Common St"
SUN,Sunoco LP Common Units represen
SUNE,"SunEdison, Inc."
SUNS,Solar Senior Capital Ltd.
SUP,Superior Industries Internation
SUPN,"Supernus Pharmaceuticals, Inc."
SUSQ,"Susquehanna Bancshares, Inc."
SVU,SuperValu Inc. Common Stock
SVVC,Firsthand Technology Value Fund
SWC,Stillwater Mining Company Commo
SWFT,Swift Transportation Company Cl
SWHC,Smith & Wesson Holding Corporat
SWK,"Stanley Black & Decker, Inc. Co"
SWKS,"Skyworks Solutions, Inc."
SWM,Schweitzer-Mauduit Internationa
SWN,Southwestern Energy Company Com
SWSH,SWISHER HYGIENE IN COM USD0.001
SWX,"Southwest Gas Holdings, Inc. Co"
SXC,"SunCoke Energy, Inc. Common Sto"
SXI,Standex International Corporati
SXT,Sensient Technologies Corporati
SYBT,"Stock Yards Bancorp, Inc."
SYF,Synchrony Financial Common Stoc
SYK,Stryker Corporation Common Stoc
SYKE,"Sykes Enterprises, Incorporated"
SYMC,Symantec Corporation
SYNA,Synaptics Incorporated
SYNT,"Syntel, Inc."
SYRG,SRC ENERGY INC
SYUT,"Synutra International, Inc."
SYX,Systemax Inc. Common Stock
SYY,Sysco Corporation Common Stock
SZMK,Sizmek Inc.
SZYM,"Solazyme, Inc."
T,AT&T Inc.
TAHO,"Tahoe Resources, Inc. Ordinary"
TAL,TAL Education Group American De
TAP,Molson Coors Brewing Company Cl
TASR,"TASER International, Inc."
TAST,"Carrols Restaurant Group, Inc."
TAT,TransAtlantic Petroleum Ltd Ord
TAX,"Liberty Tax, Inc."
TAXI,Medallion Financial Corp.
TBBK,"The Bancorp, Inc."
TBI,"TrueBlue, Inc. Common Stock"
TBNK,Territorial Bancorp Inc.
TBPH,"Theravance Biopharma, Inc."
TCAP,Triangle Capital Corporation Co
TCB,TCF Financial Corporation Commo
TCBI,"Texas Capital Bancshares, Inc."
TCBK,TriCo Bancshares
TCO,"Taubman Centers, Inc. Common St"
TCPC,TCP Capital Corp.
TCRD,"THL Credit, Inc."
TCS,Container Store (The) Common St
TDC,Teradata Corporation Common Sto
TDG,Transdigm Group Incorporated Tr
TDS,"Telephone and Data Systems, Inc"
TDW,Tidewater Inc. Common Stock
TDY,Teledyne Technologies Incorpora
TE,"TECO Energy, Inc."
TEAR,TearLab Corporation
TECD,Tech Data Corporation
TECH,Bio-Techne Corp
TEG,"Integrys Energy Group, Inc. Com"
TEL,TE Connectivity Ltd. New Switze
TEN,Tenneco Inc. Common Stock
TER,"Teradyne, Inc. Common Stock"
TESO,Tesco Corporation
TESS,TESSCO Technologies Incorporate
TEX,Terex Corporation Common Stock
TFM,"The Fresh Market, Inc."
TFSL,TFS Financial Corporation
TFX,Teleflex Incorporated Common St
TG,Tredegar Corporation Common Sto
TGH,Textainer Group Holdings Limite
TGI,"Triumph Group, Inc. Common Stoc"
TGNA,TEGNA Inc
TGT,Target Corporation Common Stock
TGTX,"TG Therapeutics, Inc."
THC,Tenet Healthcare Corporation Co
THFF,First Financial Corporation Ind
THG,Hanover Insurance Group Inc
THLD,"Threshold Pharmaceuticals, Inc."
THO,"Thor Industries, Inc. Common St"
THOR,Thoratec Corporation
THR,"Thermon Group Holdings, Inc. Co"
THRM,Gentherm Inc
THRX,"Theravance, Inc."
THS,"Treehouse Foods, Inc. Common St"
TICC,TICC Capital Corp.
TIF,Tiffany & Co. Common Stock
TILE,"Interface, Inc."
TIME,Time Inc. Common Stock
TIPT,Tiptree Inc.
TIS,Orchids Paper Products Company
TISI,"Team, Inc. Common Stock"
TITN,Titan Machinery Inc.
TIVO,TiVo Corporation
TJX,"TJX Companies, Inc. (The) Commo"
TK,Teekay Corporation Common Stock
TKR,Timken Company (The) Common Sto
TLMR,"Talmer Bancorp, Inc."
TLYS,"Tilly's, Inc. Common Stock"
TMH,"Team Health Holdings, Inc. Team"
TMHC,Taylor Morrison Home Corporatio
TMK,Torchmark Corporation Common St
TMO,Thermo Fisher Scientific Inc Co
TMP,Tompkins Financial Corporation
TMUS,"T-Mobile US, Inc."
TNAV,"Telenav, Inc."
TNC,Tennant Company Common Stock
TNDM,"Tandem Diabetes Care, Inc."
TNET,"TriNet Group, Inc. Common Stock"
TNGO,TANGOE INC COM USD0.0001
TNK,Teekay Tankers Ltd.
TOL,Toll Brothers Inc. Common Stock
TOWN,Towne Bank
TOWR,"Tower International, Inc. Commo"
TPC,Tutor Perini Corporation Common
TPH,"TRI Pointe Group, Inc. Common S"
TPLM,Triangle Petroleum Corporation
TPRE,Third Point Reinsurance Ltd. Co
TPX,"Tempur Sealy International, Inc"
TR,"Tootsie Roll Industries, Inc. C"
TRAK,"Dealertrack Technologies, Inc."
TRC,Tejon Ranch Co Common Stock
TREC,Trecora Resources Common Stock
TREE,"LendingTree, Inc."
TREX,"Trex Company, Inc. Common Stock"
TRGP,"Targa Resources, Inc. Common St"
TRGT,"Targacept, Inc."
TRI,Thomson Reuters Corp Ordinary S
TRIP,"TripAdvisor, Inc."
TRIV,"TriVascular Technologies, Inc."
TRK,"Speedway Motorsports, Inc. Comm"
TRMB,Trimble Inc.
TRMK,Trustmark Corporation
TRMR,"Tremor Video, Inc. Common Stock"
TRN,"Trinity Industries, Inc. Common"
TRNO,Terreno Realty Corporation Comm
TRNX,Tornier N.V.
TROW,"T. Rowe Price Group, Inc."
TROX,Tronox Limited Ordinary Shares
TRR,"TRC Companies, Inc. Common Stoc"
TRS,TriMas Corporation
TRST,TrustCo Bank Corp NY
TRUE,"TrueCar, Inc."
TRV,"The Travelers Companies, Inc. C"
TRXC,"TransEnterix, Inc. Common Stock"
TSC,"TriState Capital Holdings, Inc."
TSCO,Tractor Supply Company
TSLA,"Tesla, Inc."
TSN,"Tyson Foods, Inc. Common Stock"
TSO,Tesoro Corporation Common Stock
TSRA,Tessera Holding Corporation
TSRE,"Trade Street Residential, Inc."
TSRO,"TESARO, Inc."
TSS,"Total System Services, Inc. Com"
TSYS,"TeleCommunication Systems, Inc."
TTC,Toro Company (The) Common Stock
TTEC,"TeleTech Holdings, Inc."
TTEK,"Tetra Tech, Inc."
TTGT,"TechTarget, Inc."
TTI,"Tetra Technologies, Inc. Common"
TTMI,"TTM Technologies, Inc."
TTPH,"Tetraphase Pharmaceuticals, Inc"
TTS,"Tile Shop Hldgs, Inc."
TTWO,"Take-Two Interactive Software,"
TUES,Tuesday Morning Corp.
TUMI,"Tumi Holdings, Inc."
TUP,Tupperware Brands Corporation C
TW,Towers Watson & Co.
TWC,Time Warner Cable Inc
TWER,TOWERSTREAM CORP COM USD0.001(P
TWI,"Titan International, Inc. (DE)"
TWIN,"Twin Disc, Incorporated"
TWMC,Trans World Entertainment Corp.
TWO,Two Harbors Investment Corp
TWOU,"2U, Inc."
TWTR,"Twitter, Inc. Common Stock"
TWX,Time Warner Inc. New Common Sto
TXMD,"TherapeuticsMD, Inc. Common Sto"
TXN,Texas Instruments Incorporated
TXRH,"Texas Roadhouse, Inc."
TXT,Textron Inc. Common Stock
TXTR,Textura Corporation
TYC,JOHNSON CONTROLS INTERNATIONAL
TYL,"Tyler Technologies, Inc. Common"
TYPE,Monotype Imaging Holdings Inc.
TZOO,Travelzoo Inc.
UA,"Under Armour, Inc. Class C Comm"
UAA,"Under Armour, Inc. Class A Comm"
UACL,UNIVERSAL LOGISTICS HOLDINGS IN
UAL,United Continental Holdings
UAM,Universal American Corporation
UBA,Urstadt Biddle Properties Inc.
UBNK,"United Financial Bancorp, Inc."
UBNT,"Ubiquiti Networks, Inc."
UBSH,Union Bankshares Corporation
UBSI,"United Bankshares, Inc."
UCBI,"United Community Banks, Inc."
UCFC,United Community Financial Corp
UCP,"UCP, Inc. Class A Common Stock"
UCTT,"Ultra Clean Holdings, Inc."
UDR,"UDR, Inc. Common Stock"
UEC,Uranium Energy Corp. Common Sto
UEIC,Universal Electronics Inc.
UFCS,"United Fire Group, Inc"
UFI,"Unifi, Inc. New Common Stock"
UFPI,"Universal Forest Products, Inc."
UFPT,"UFP Technologies, Inc."
UFS,Domtar Corporation (NEW) Common
UGI,UGI Corporation Common Stock
UHAL,Amerco
UHS,"Universal Health Services, Inc."
UHT,Universal Health Realty Income
UIHC,United Insurance Holdings Corp.
UIS,Unisys Corporation New Common S
ULTA,"Ulta Beauty, Inc."
ULTI,"The Ultimate Software Group, In"
ULTR,ULTRAPETROL BAHAMA COM STK USD0
UMBF,UMB Financial Corporation
UMH,"UMH Properties, Inc."
UMPQ,Umpqua Holdings Corporation
UNF,Unifirst Corporation Common Sto
UNFI,"United Natural Foods, Inc."
UNH,UnitedHealth Group Incorporated
UNIS,Unilife Corporation
UNM,Unum Group Common Stock
UNP,Union Pacific Corporation Commo
UNT,Unit Corporation Common Stock
UNTD,"United Online, Inc."
UNXL,"Uni-Pixel, Inc."
UPIP,GREAT ELM CAP GROUP INC
UPL,Ultra Petroleum Corp.
UPS,"United Parcel Service, Inc. Com"
URBN,"Urban Outfitters, Inc."
URG,Ur Energy Inc Common Shares (Ca
URI,"United Rentals, Inc. Common Sto"
USAK,"USA Truck, Inc."
USAP,Universal Stainless & Alloy Pro
USB,U.S. Bancorp Common Stock
USCR,"U S Concrete, Inc."
USG,USG Corporation Common Stock
USLM,"United States Lime & Minerals,"
USM,United States Cellular Corporat
USMD,"USMD Holdings, Inc."
USNA,"USANA Health Sciences, Inc. Com"
USPH,"U.S. Physical Therapy, Inc. Com"
USTR,United Stationers Inc.
UTEK,"Ultratech, Inc."
UTHR,United Therapeutics Corporation
UTI,Universal Technical Institute I
UTIW,UTi Worldwide Inc.
UTL,UNITIL Corporation Common Stock
UTMD,"Utah Medical Products, Inc."
UTX,United Technologies Corporation
UVE,UNIVERSAL INSURANCE HOLDINGS IN
UVSP,Univest Corporation of Pennsylv
UVV,Universal Corporation Common St
V,Visa Inc.
VAC,Marriot Vacations Worldwide Cor
VAL,Valspar Corporation (The) Commo
VAR,"Varian Medical Systems, Inc. Co"
VASC,"Vascular Solutions, Inc."
VC,Visteon Corporation Common Stoc
VCRA,"Vocera Communications, Inc. Com"
VCYT,"Veracyte, Inc."
VDSI,VASCO Data Security Internation
VECO,Veeco Instruments Inc.
VFC,V.F. Corporation Common Stock
VG,Vonage Holdings Corp. Common St
VGR,Vector Group Ltd. Common Stock
VHC,VirnetX Holding Corp Common Sto
VIAB,Viacom Inc.
VIAS,"Viasystems Group, Inc."
VICL,Vical Incorporated
VICR,Vicor Corporation
VIVO,Meridian Bioscience Inc.
VLGEA,"Village Super Market, Inc."
VLO,Valero Energy Corporation Commo
VLY,Valley National Bancorp Common
VMC,Vulcan Materials Company (Holdi
VMEM,"Violin Memory, Inc."
VMI,"Valmont Industries, Inc. Common"
VMW,"Vmware, Inc. Common stock, Clas"
VNCE,Vince Holding Corp. Common Stoc
VNDA,Vanda Pharmaceuticals Inc.
VNO,Vornado Realty Trust Common Sto
VNTV,"Vantiv, Inc. Class A Common Sto"
VOD,Vodafone Group Plc
VOXX,VOXX International Corporation
VOYA,"Voya Financial, Inc. Common Sto"
VPG,"Vishay Precision Group, Inc. Co"
VR,"Validus Holdings, Ltd. Common S"
VRA,"Vera Bradley, Inc."
VRNG,FORM HLDGS CORP NPV
VRNS,"Varonis Systems, Inc."
VRNT,Verint Systems Inc.
VRSK,"Verisk Analytics, Inc."
VRSN,"VeriSign, Inc."
VRTS,"Virtus Investment Partners, Inc"
VRTU,Virtusa Corporation
VRTX,Vertex Pharmaceuticals Incorpor
VRX,Valeant Pharmaceuticals Interna
VSAR,"Versartis, Inc."
VSAT,"ViaSat, Inc."
VSEC,VSE Corporation
VSH,"Vishay Intertechnology, Inc. Co"
VSI,"Vitamin Shoppe, Inc Common Stoc"
VSTM,"Verastem, Inc."
VTG,Vantage Drilling Company
VTL,"Vital Therapies, Inc."
VTNR,"Vertex Energy, Inc"
VTR,"Ventas, Inc. Common Stock"
VVC,Vectren Corporation Common Stoc
VVI,Viad Corp Common Stock
VVUS,"VIVUS, Inc."
VZ,Verizon Communications Inc.
WAB,Westinghouse Air Brake Technolo
WABC,Westamerica Bancorporation
WAC,Walter Investment Management Co
WAFD,"Washington Federal, Inc."
WAGE,"WageWorks, Inc. Common Stock"
WAIR,"Wesco Aircraft Holdings, Inc. C"
WAL,Western Alliance Bancorporation
WASH,"Washington Trust Bancorp, Inc."
WAT,Waters Corporation Common Stock
WBA,"Walgreens Boots Alliance, Inc."
WBC,Wabco Holdings Inc. Common Stoc
WBMD,WebMD Health Corp
WBS,Webster Financial Corporation C
WCC,"WESCO International, Inc. Commo"
WCG,"Wellcare Health Plans, Inc. Com"
WCIC,"WCI Communities, Inc."
WCN,"Waste Connections, Inc. Common"
WD,"Walker & Dunlop, Inc Common Sto"
WDAY,"Workday, Inc. Common Stock"
WDC,Western Digital Corporation
WDFC,WD-40 Company
WDR,"Waddell & Reed Financial, Inc."
WEC,"WEC Energy Group, Inc. Common S"
WEN,Wendy's Company (The)
WERN,"Werner Enterprises, Inc."
WETF,"WisdomTree Investments, Inc."
WEX,WEX Inc. common stock
WEYS,"Weyco Group, Inc."
WFC,Wells Fargo & Company Common St
WFD,WESTERN NEW ENGLAND BANCORP INC
WFM,"Whole Foods Market, Inc."
WG,"Willbros Group, Inc. (DE) Commo"
WGL,WGL Holdings IncCommon Stock
WGO,"Winnebago Industries, Inc. Comm"
WHF,"WhiteHorse Finance, Inc."
WHG,Westwood Holdings Group Inc Com
WHR,Whirlpool Corporation Common St
WIBC,"Wilshire Bancorp, Inc."
WIFI,"Boingo Wireless, Inc."
WIN,"Windstream Holdings, Inc."
WINA,Winmark Corporation
WIRE,Encore Wire Corporation
WIX,Wix.com Ltd.
WLB,Westmoreland Coal Company
WLH,Lyon William Homes Common Stock
WLK,Westlake Chemical Corporation C
WLL,Whiting Petroleum Corporation C
WLT,"Walter Energy, Inc. Common Stoc"
WM,"Waste Management, Inc. Common S"
WMAR,"West Marine, Inc."
WMB,"Williams Companies, Inc. (The)"
WMC,Western Asset Mortgage Capital
WMGI,Wright Medical Group N.V.
WMK,"Weis Markets, Inc. Common Stock"
WMT,"Wal-Mart Stores, Inc. Common St"
WNC,Wabash National Corporation Com
WNR,Western Refining Inc. Western R
WOOF,VCA Inc.
WOR,"Worthington Industries, Inc. Co"
WPX,"WPX Energy, Inc. Common Stock"
WR,"Westar Energy, Inc. Common Stoc"
WRB,W.R. Berkley Corporation Common
WRE,Washington Real Estate Investme
WRES,"Warren Resources, Inc."
WRI,Weingarten Realty Investors Com
WRLD,World Acceptance Corporation
WSBC,"WesBanco, Inc."
WSBF,"Waterstone Financial, Inc."
WSFS,WSFS Financial Corporation
WSM,"Williams-Sonoma, Inc. Common St"
WSO,"Watsco, Inc. Common Stock"
WSR,Whitestone REIT Common Shares
WST,"West Pharmaceutical Services, I"
WSTC,West Corporation
WSTL,"Westell Technologies, Inc."
WTBA,West Bancorporation
WTFC,Wintrust Financial Corporation
WTI,"W&T Offshore, Inc. Common Stock"
WTM,White Mountains Insurance Group
WTR,"Aqua America, Inc. Common Stock"
WTS,"Watts Water Technologies, Inc."
WTW,Weight Watchers International I
WU,Western Union Company (The) Com
WWAV,Whitewave Foods Company (The)
WWD,"Woodward, Inc."
WWE,"World Wrestling Entertainment,"
WWW,"Wolverine World Wide, Inc. Comm"
WWWW,"Web.com Group, Inc."
WY,Weyerhaeuser Company Common Sto
WYN,Wyndham Worldwide Corp Common
WYNN,"Wynn Resorts, Limited"
X,United States Steel Corporation
XCO,"EXCO Resources, Inc. Exco Resou"
XCRA,Xcerra Corporation
XEC,Cimarex Energy Co Common Stock
XEL,Xcel Energy Inc. Common Stock
XL,XL Group Ltd.
XLNX,"Xilinx, Inc."
XLRN,Acceleron Pharma Inc.
XNCR,"Xencor, Inc."
XNPT,"XenoPort, Inc."
XOM,Exxon Mobil Corporation Common
XOMA,XOMA Corporation
XON,Intrexon Corporation Common Sto
XONE,The ExOne Company
XOOM,Xoom Corporation
XOXO,"XO Group, Inc. Common Stock"
XPO,"XPO Logistics, Inc."
XRAY,DENTSPLY SIRONA Inc.
XRM,"Xerium Technologies, Inc. New C"
XRX,Xerox Corporation Common Stock
XXIA,Ixia
XXII,"22nd Century Group, Inc. Common"
XYL,Xylem Inc. Common Stock New
Y,Alleghany Corporation Common St
YDKN,Yadkin Financial Corporation
YELP,Yelp Inc. Common Stock
YHOO,Yahoo! Inc.
YORW,The York Water Company
YRCW,"YRC Worldwide, Inc."
YUM,"Yum! Brands, Inc."
YUME,"YuMe, Inc. Common Stock"
Z,"Zillow Group, Inc."
ZAGG,ZAGG Inc
ZAZA,ZAZA ENERGY CORP COM USD0.01
ZBH,"Zimmer Biomet Holdings, Inc. Co"
ZBRA,Zebra Technologies Corporation
ZEN,"Zendesk, Inc. Common Stock"
ZEP,Zep Inc. Common Stock
ZEUS,"Olympic Steel, Inc."
ZGNX,"Zogenix, Inc."
ZINC,Horsehead Holding Corp.
ZION,Zions Bancorporation
ZIOP,ZIOPHARM Oncology Inc
ZIXI,Zix Corporation
ZLTQ,"ZELTIQ Aesthetics, Inc."
ZMH,"Zimmer Holdings, Inc. Common St"
ZNGA,Zynga Inc.
ZOES,"Zoe's Kitchen, Inc. Common Stoc"
ZTS,Zoetis Inc. Class A Common Stoc
ZUMZ,Zumiez Inc.
